자치구,위도,경도
중랑구,37.575179,127.00736
중랑구,37.596453,126.967939
중랑구,37.573735,126.989771
중랑구,37.573467,127.012433
중랑구,37.58297,126.980254
중랑구,37.594315,126.964782
중랑구,37.573,126.986323
중랑구,37.580224,126.969016
중랑구,37.569905,126.995457
중랑구,37.57009094,126.9794089
중랑구,37.593207,126.966545
중랑구,37.596453,126.967939
중랑구,37.583654,126.967892
중랑구,37.572423,126.965298
중랑구,37.575495,126.989198
중랑구,37.57105652,126.9874275
중랑구,37.591527,126.964637
중랑구,37.57009094,126.9794089
중랑구,37.568702,126.994414
중랑구,37.571879,126.986877
중랑구,37.5712971,126.997624
중랑구,37.590458,126.993872
중랑구,37.570675,126.993857
중랑구,37.5712971,126.997624
중랑구,37.588087,127.001279
중랑구,37.568744,126.994915
중랑구,37.58045557,126.9687049
중랑구,37.594315,126.964782
중랑구,37.573102,127.007861
중랑구,37.58297,126.980254
중랑구,37.589542,126.992255
중랑구,37.576073,126.962371
중랑구,37.589695,126.99297
중랑구,37.575675,127.005975
중랑구,37.578145,127.02103
중랑구,37.58297,126.980254
중랑구,37.576048,127.007845
중랑구,37.570357,126.98557
중랑구,37.570357,126.98557
중랑구,37.58297,126.980254
중랑구,37.573405,126.962951
중랑구,37.589444,127.000588
중랑구,37.589744,126.992554
중랑구,37.574112,127.007482
중랑구,37.573879,126.961071
중랑구,37.578145,127.02103
중랑구,37.578145,127.02103
중랑구,37.596453,126.967939
중랑구,37.575103,127.013308
중랑구,37.58781052,127.0838852
중랑구,37.58783821,127.0776156
중랑구,37.58779526,127.0853271
중랑구,37.61703873,127.0881424
중랑구,37.58773041,127.0974197
중랑구,37.58358002,127.0889053
중랑구,37.58889658,127.0932895
중랑구,37.58770752,127.0887375
중랑구,37.58770008,127.0926933
중랑구,37.58525085,127.0889511
중랑구,37.58769396,127.1010282
중랑구,37.58369064,127.093544
중랑구,37.5877037,127.0966644
중랑구,37.58765362,127.0900547
중랑구,37.5877037,127.0966644
중랑구,37.58765362,127.0900547
중랑구,37.58765362,127.0900547
중랑구,37.58746841,127.0873037
중랑구,37.58748149,127.0736711
중랑구,37.58359528,127.0873108
중랑구,37.58740086,127.0996959
중랑구,37.58740234,127.0836639
중랑구,37.58359528,127.0952072
중랑구,37.58740086,127.0996959
중랑구,37.58728133,127.0806577
중랑구,37.58704885,127.089434
중랑구,37.58727264,127.0845642
중랑구,37.58358002,127.0889053
중랑구,37.58734131,127.0921478
중랑구,37.58726501,127.0850601
중랑구,37.58762741,127.0904617
중랑구,37.58363342,127.0833817
중랑구,37.58348669,127.081257
중랑구,37.58363342,127.0833817
중랑구,37.58724213,127.0937271
중랑구,37.58375931,127.0924301
중랑구,37.58724213,127.0937271
중랑구,37.58712725,127.1003274
중랑구,37.58528519,127.082756
중랑구,37.58727264,127.0845642
중랑구,37.58372902,127.079254
중랑구,37.58684805,127.0882506
중랑구,37.58650181,127.0821261
중랑구,37.5839119,127.0850525
중랑구,37.58703967,127.0890692
중랑구,37.58698567,127.0740944
중랑구,37.58699384,127.0903695
중랑구,37.58703183,127.0874546
중랑구,37.58375931,127.0924301
중랑구,37.58696111,127.0917277
중랑구,37.58694084,127.0916091
중랑구,37.58382386,127.0783195
중랑구,37.58543015,127.0954971
중랑구,37.58685303,127.0802307
중랑구,37.58711457,127.0896047
중랑구,37.58676354,127.0772539
중랑구,37.58787,127.0961876
중랑구,37.58676354,127.0772539
중랑구,37.58684805,127.0882506
중랑구,37.58396149,127.0900574
중랑구,37.58666611,127.0860596
중랑구,37.58685238,127.0835049
중랑구,37.58411038,127.0937795
중랑구,37.58666611,127.0860596
중랑구,37.58657837,127.0825272
중랑구,37.58665133,127.0905398
중랑구,37.58657228,127.0916418
중랑구,37.58404922,127.080658
중랑구,37.58653259,127.0901947
중랑구,37.5865447,127.0764731
중랑구,37.58773041,127.0974197
중랑구,37.60742052,127.0811213
중랑구,37.58521794,127.0755231
중랑구,37.58639866,127.0791339
중랑구,37.60801242,127.0769604
중랑구,37.58650181,127.0821261
중랑구,37.58638382,127.0846329
중랑구,37.58650181,127.0821261
중랑구,37.5863509,127.091625
중랑구,37.58638382,127.0846329
중랑구,37.58626556,127.0962219
중랑구,37.5863509,127.091625
중랑구,37.58396149,127.0900574
중랑구,37.58623886,127.0812759
중랑구,37.58626175,127.0924606
중랑구,37.58428142,127.0775681
중랑구,37.58623886,127.0812759
중랑구,37.58613205,127.087616
중랑구,37.58573711,127.0784032
중랑구,37.58613205,127.087616
중랑구,37.57397023,127.0893741
중랑구,37.58614705,127.0807851
중랑구,37.58612823,127.0939713
중랑구,37.5863509,127.091625
중랑구,37.58612823,127.0939713
중랑구,37.58611298,127.0828476
중랑구,37.58588485,127.0853599
중랑구,37.58396149,127.0900574
중랑구,37.58454251,127.0760875
중랑구,37.58607864,127.0839157
중랑구,37.58587646,127.0859451
중랑구,37.58587646,127.0859451
중랑구,37.58612823,127.0939713
중랑구,37.58587574,127.0914494
중랑구,37.58545382,127.0914186
중랑구,37.58573711,127.0784032
중랑구,37.58416886,127.0826985
중랑구,37.58573711,127.0784032
중랑구,37.58562088,127.0793381
중랑구,37.58562469,127.0793991
중랑구,37.58566111,127.0820261
중랑구,37.58558822,127.0820251
중랑구,37.58553759,127.0901234
중랑구,37.58553759,127.0901234
중랑구,37.58462161,127.0856788
중랑구,37.58555093,127.0839481
중랑구,37.58552556,127.096624
중랑구,37.58430862,127.0767365
중랑구,37.58548766,127.0845481
중랑구,37.58545382,127.0914186
중랑구,37.58547211,127.0833359
중랑구,37.58545382,127.0914186
중랑구,37.57286703,127.0857223
중랑구,37.58547211,127.0833359
중랑구,37.58611298,127.0828476
중랑구,37.58547211,127.0833359
중랑구,37.58787,127.0961876
중랑구,37.58543396,127.0813904
중랑구,37.58532715,127.0767365
중랑구,37.58543015,127.0790405
중랑구,37.58430862,127.0767365
중랑구,37.58440018,127.0860977
중랑구,37.58433533,127.0912323
중랑구,37.58363342,127.0833817
중랑구,37.58587574,127.0914494
중랑구,37.58428142,127.0775681
중랑구,37.58486938,127.0768433
중랑구,37.58006142,127.0845604
중랑구,37.58467749,127.0831989
중랑구,37.58476684,127.0804437
중랑구,37.58525085,127.0889511
중랑구,37.58496475,127.0902557
중랑구,37.58498484,127.0844649
중랑구,37.58525085,127.0889511
중랑구,37.58543015,127.0790405
중랑구,37.58479309,127.0794144
중랑구,37.5852623,127.0938187
중랑구,37.60837555,127.0731888
중랑구,37.58478546,127.0806503
중랑구,37.58476257,127.087471
중랑구,37.58479309,127.0794144
중랑구,37.58478546,127.0806503
중랑구,37.58470711,127.0820631
중랑구,37.58475494,127.0816803
중랑구,37.58453208,127.078232
중랑구,37.58462161,127.0856788
중랑구,37.58460236,127.0839767
중랑구,37.58467749,127.0831989
중랑구,37.58470711,127.0820631
중랑구,37.58486146,127.0926598
중랑구,37.58543015,127.0954971
중랑구,37.58455236,127.0892755
중랑구,37.59585673,127.0862028
중랑구,37.6083815,127.0988815
중랑구,37.59581702,127.0721044
중랑구,37.60843996,127.0971965
중랑구,37.59577666,127.0775109
중랑구,37.59586716,127.0940933
중랑구,37.58496475,127.0902557
중랑구,37.6083815,127.0988815
중랑구,37.59565701,127.0950355
중랑구,37.6088829,127.075531
중랑구,37.5963009,127.0738948
중랑구,37.60887909,127.0771561
중랑구,37.59762851,127.0963134
중랑구,37.60893716,127.095775
중랑구,37.58528519,127.082756
중랑구,37.59585571,127.075264
중랑구,37.6088829,127.075531
중랑구,37.59542202,127.087573
중랑구,37.59586716,127.0940933
중랑구,37.60897065,127.0762122
중랑구,37.59545224,127.1002369
중랑구,37.59598049,127.094987
중랑구,37.5865447,127.0764731
중랑구,37.59585571,127.075264
중랑구,37.61350675,127.1054068
중랑구,37.60905608,127.0791565
중랑구,37.59616089,127.0782928
중랑구,37.5962944,127.074852
중랑구,37.59367193,127.0952022
중랑구,37.60914612,127.0804977
중랑구,37.58867645,127.080925
중랑구,37.59009933,127.09021
중랑구,37.59598049,127.094987
중랑구,37.59616089,127.0782928
중랑구,37.59569229,127.0771513
중랑구,37.60892105,127.0815659
중랑구,37.60866928,127.0872498
중랑구,37.60949326,127.0812225
중랑구,37.59565701,127.0950355
중랑구,37.60439957,127.0748926
중랑구,37.58867645,127.080925
중랑구,37.61338806,127.0942078
중랑구,37.61140615,127.0790982
중랑구,37.59562102,127.0972507
중랑구,37.61267341,127.0886586
중랑구,37.58587646,127.0859451
중랑구,37.61224033,127.0971116
중랑구,37.61338806,127.0942078
중랑구,37.61353683,127.11129
중랑구,37.59604019,127.1018531
중랑구,37.61392995,127.0983043
중랑구,37.59577942,127.0881729
중랑구,37.58037674,127.093241
중랑구,37.5862236,127.0797348
중랑구,37.59579838,127.0708616
중랑구,37.61392995,127.0983043
중랑구,37.61572715,127.0913353
중랑구,37.59635544,127.0840149
중랑구,37.61655807,127.109024
중랑구,37.61668777,127.0848541
중랑구,37.59653757,127.1012529
중랑구,37.61703491,127.1105042
중랑구,37.59242918,127.1018171
중랑구,37.58867645,127.080925
중랑구,37.61907959,127.1115646
중랑구,37.59242918,127.1018171
중랑구,37.57107925,127.08535
중랑구,37.61907959,127.1115646
중랑구,37.58638382,127.0846329
중랑구,37.61926342,127.1108557
중랑구,37.59604019,127.1018531
중랑구,37.57151298,127.0827117
중랑구,37.60439957,127.0748926
중랑구,37.57107925,127.08535
중랑구,37.57107925,127.08535
중랑구,37.5865447,127.0764731
중랑구,37.57179006,127.0878337
중랑구,37.57154846,127.0822678
중랑구,37.57342911,127.0830917
중랑구,37.5962944,127.074852
중랑구,37.57172504,127.0862751
중랑구,37.57171784,127.0809043
중랑구,37.57176476,127.0871824
중랑구,37.58685238,127.0835049
중랑구,37.57178242,127.0841227
중랑구,37.57177475,127.0847702
중랑구,37.57177475,127.0847702
중랑구,37.57253669,127.0832462
중랑구,37.57120895,127.085228
중랑구,37.57193268,127.0829358
중랑구,37.59242918,127.1018171
중랑구,37.58685303,127.0802307
중랑구,37.57253669,127.0832462
중랑구,37.57329559,127.0810165
중랑구,37.5725563,127.0810648
중랑구,37.59636688,127.0879822
중랑구,37.57800999,127.0800959
중랑구,37.57284399,127.0847776
중랑구,37.57294817,127.0826759
중랑구,37.58703183,127.0874546
중랑구,37.59635544,127.0840149
중랑구,37.5730629,127.0841827
중랑구,37.5963009,127.0738948
중랑구,37.59633255,127.0983734
중랑구,37.59635544,127.0840149
중랑구,37.59604019,127.1018531
중랑구,37.59643046,127.0928594
중랑구,37.58713913,127.0790863
중랑구,37.5965271,127.0953751
중랑구,37.5730629,127.0841827
중랑구,37.57427979,127.0869446
중랑구,37.57120895,127.085228
중랑구,37.57329941,127.0816727
중랑구,37.59624863,127.0961151
중랑구,37.58734131,127.0921478
중랑구,37.59643068,127.0754539
중랑구,37.57364273,127.0838318
중랑구,37.57427979,127.0869446
중랑구,37.57382584,127.0869904
중랑구,37.60109107,127.0857995
중랑구,37.57411199,127.0809314
중랑구,37.58740234,127.0836639
중랑구,37.57507523,127.0893936
중랑구,37.57411199,127.0809314
중랑구,37.57412796,127.0841868
중랑구,37.57411199,127.0809314
중랑구,37.57411199,127.0809314
중랑구,37.57412796,127.0841868
중랑구,37.57470703,127.0828934
중랑구,37.58769396,127.1010282
중랑구,37.59636688,127.0879822
중랑구,37.58359528,127.0873108
중랑구,37.58923508,127.0955448
중랑구,37.57517046,127.0846351
중랑구,37.57472307,127.0858298
중랑구,37.57561053,127.0878463
중랑구,37.57525918,127.0880282
중랑구,37.58773041,127.0974197
중랑구,37.57928959,127.0973795
중랑구,37.57533638,127.0884181
중랑구,37.57517046,127.0846351
중랑구,37.57519401,127.0823473
중랑구,37.57533638,127.0884181
중랑구,37.5755003,127.0814319
중랑구,37.58800888,127.0829315
중랑구,37.59012985,127.0854568
중랑구,37.58999949,127.0944791
중랑구,37.60460254,127.0978188
중랑구,37.57120895,127.085228
중랑구,37.5734084,127.0863714
중랑구,37.57614168,127.0836449
중랑구,37.58802487,127.100125
중랑구,37.58564097,127.0819588
중랑구,37.57573578,127.0867066
중랑구,37.57817682,127.0920146
중랑구,37.57574463,127.0839996
중랑구,37.57641501,127.0807265
중랑구,37.57593504,127.0851931
중랑구,37.58823395,127.0953064
중랑구,37.57574463,127.0870438
중랑구,37.57605362,127.0826492
중랑구,37.58663452,127.1011374
중랑구,37.57627487,127.0853424
중랑구,37.57605362,127.0826492
중랑구,37.57627487,127.0853424
중랑구,37.57774353,127.0842361
중랑구,37.58830705,127.0869067
중랑구,37.58663452,127.1011374
중랑구,37.57574463,127.0839996
중랑구,37.58663452,127.1011374
중랑구,37.59643068,127.0754539
중랑구,37.58703966,127.1003183
중랑구,37.57645416,127.0875473
중랑구,37.57659531,127.0838776
중랑구,37.58852223,127.0840455
중랑구,37.57661057,127.0878296
중랑구,37.57659531,127.0838776
중랑구,37.57999848,127.0955195
중랑구,37.58344478,127.0877285
중랑구,37.57693785,127.0899773
중랑구,37.57678604,127.0852051
중랑구,37.57659995,127.0803679
중랑구,37.58861754,127.0919368
중랑구,37.57691574,127.0812912
중랑구,37.58703966,127.1003183
중랑구,37.57678604,127.0852051
중랑구,37.57691574,127.0812912
중랑구,37.57691574,127.0812912
중랑구,37.57774353,127.0842361
중랑구,37.57574463,127.0839996
중랑구,37.58879709,127.0956309
중랑구,37.57801056,127.0922012
중랑구,37.57761383,127.0884323
중랑구,37.577034,127.0898361
중랑구,37.57730497,127.0898067
중랑구,37.5775528,127.0803604
중랑구,37.57771926,127.086607
중랑구,37.57694798,127.0876529
중랑구,37.58889658,127.0932895
중랑구,37.57797241,127.0930099
중랑구,37.5775121,127.0811765
중랑구,37.5775528,127.0803604
중랑구,37.5775121,127.0811765
중랑구,37.57779312,127.0877075
중랑구,37.57801056,127.0922012
중랑구,37.58900042,127.1021018
중랑구,37.577034,127.0898361
중랑구,37.5787033,127.0843854
중랑구,37.58354983,127.0871239
중랑구,37.57782443,127.0824077
중랑구,37.57801056,127.0922012
중랑구,37.57797241,127.0930099
중랑구,37.57815205,127.0891996
중랑구,37.58908247,127.0809125
중랑구,37.57797241,127.0930099
중랑구,37.59650421,127.0995331
중랑구,37.57810018,127.0835851
중랑구,37.57815205,127.0891996
중랑구,37.57810018,127.0835851
중랑구,37.57815205,127.0891996
중랑구,37.577034,127.0898361
중랑구,37.58924172,127.0798635
중랑구,37.57869339,127.0894699
중랑구,37.57582474,127.0861664
중랑구,37.59643046,127.0928594
중랑구,37.578641,127.0870971
중랑구,37.578228,127.0818634
중랑구,37.57930318,127.0878398
중랑구,37.57840869,127.0915746
중랑구,37.5894925,127.1005182
중랑구,37.58703966,127.1003183
중랑구,37.57857513,127.0942383
중랑구,37.58797955,127.093396
중랑구,37.57869339,127.0894699
중랑구,37.57817682,127.0920146
중랑구,37.59652328,127.0763855
중랑구,37.5788269,127.0882187
중랑구,37.58972168,127.1009903
중랑구,37.57856369,127.0933075
중랑구,37.57857513,127.0942383
중랑구,37.57856369,127.0933075
중랑구,37.58796692,127.0769119
중랑구,37.57894282,127.0923764
중랑구,37.57923435,127.0832424
중랑구,37.589737,127.086763
중랑구,37.5788269,127.0882187
중랑구,37.5966879,127.0974477
중랑구,37.57919107,127.0906856
중랑구,37.57872391,127.0902786
중랑구,37.57894282,127.0923764
중랑구,37.57919107,127.0906856
중랑구,37.57923435,127.0832424
중랑구,37.58999949,127.0944791
중랑구,37.57872391,127.0902786
중랑구,37.59761429,127.079422
중랑구,37.5793072,127.0895914
중랑구,37.6070137,127.0913086
중랑구,37.57909514,127.0858579
중랑구,37.57919107,127.0906856
중랑구,37.57909514,127.0858579
중랑구,37.59014893,127.0721283
중랑구,37.57921168,127.0854043
중랑구,37.57923435,127.0832424
중랑구,37.5968132,127.071022
중랑구,37.61524088,127.0795164
중랑구,37.58004478,127.0836163
중랑구,37.57925479,127.0840738
중랑구,37.57930318,127.0878398
중랑구,37.59033203,127.075325
중랑구,37.59210587,127.0879364
중랑구,37.57945348,127.0919194
중랑구,37.57959592,127.0844602
중랑구,37.57945348,127.0919194
중랑구,37.5968132,127.071022
중랑구,37.58322978,127.0772398
중랑구,37.59043121,127.0739822
중랑구,37.5800067,127.0887392
중랑구,37.5796198,127.0899003
중랑구,37.57959592,127.0844602
중랑구,37.57961273,127.0891647
중랑구,37.58004478,127.0836163
중랑구,37.59659745,127.0889763
중랑구,37.59656525,127.0727692
중랑구,37.59060287,127.0877151
중랑구,37.57984924,127.0862427
중랑구,37.5800067,127.0887392
중랑구,37.58001626,127.092133
중랑구,37.5800067,127.0887392
중랑구,37.61473083,127.084343
중랑구,37.61473083,127.084343
중랑구,37.61485291,127.080864
중랑구,37.59066001,127.0778024
중랑구,37.60742052,127.0811213
중랑구,37.61488851,127.0752583
중랑구,37.61485291,127.080864
중랑구,37.61473083,127.084343
중랑구,37.61540222,127.0800629
중랑구,37.61438553,127.0806258
중랑구,37.57304374,127.0831953
중랑구,37.61459732,127.1007996
중랑구,37.61459732,127.1007996
중랑구,37.60645294,127.0752106
중랑구,37.59579838,127.0708616
중랑구,37.61556962,127.0808721
중랑구,37.61540222,127.0800629
중랑구,37.59244882,127.0932339
중랑구,37.59093857,127.1005707
중랑구,37.59623869,127.103383
중랑구,37.61722767,127.1006182
중랑구,37.61541945,127.0734078
중랑구,37.61553888,127.0977834
중랑구,37.61489105,127.084671
중랑구,37.60585859,127.1062151
중랑구,37.61597443,127.0837784
중랑구,37.59111023,127.0846634
중랑구,37.61572266,127.078949
중랑구,37.61571441,127.0770428
중랑구,37.61558342,127.0872631
중랑구,37.61572266,127.078949
중랑구,37.59270096,127.0747528
중랑구,37.61580276,127.0816345
중랑구,37.61619285,127.0784395
중랑구,37.59117508,127.0939636
중랑구,37.60587192,127.0832542
중랑구,37.61635114,127.0755307
중랑구,37.61619285,127.0784395
중랑구,37.61616775,127.0858008
중랑구,37.61619285,127.0784395
중랑구,37.61630906,127.0742938
중랑구,37.61635114,127.0755307
중랑구,37.59134672,127.0909699
중랑구,37.61580276,127.0816345
중랑구,37.5919684,127.0835279
중랑구,37.58797955,127.093396
중랑구,37.60439346,127.1059924
중랑구,37.61705017,127.08004
중랑구,37.61658062,127.0934168
중랑구,37.61642075,127.0750046
중랑구,37.5913478,127.0993414
중랑구,37.61635114,127.0755307
중랑구,37.61770248,127.102478
중랑구,37.61659079,127.0794438
중랑구,37.61690521,127.0797424
중랑구,37.5927887,127.094696
중랑구,37.5915451,127.0849228
중랑구,37.60404587,127.0764771
중랑구,37.5968132,127.071022
중랑구,37.61819839,127.0806885
중랑구,37.61711378,127.1015406
중랑구,37.61711378,127.1015406
중랑구,37.59682083,127.0836334
중랑구,37.5966879,127.0974477
중랑구,37.59169724,127.091216
중랑구,37.6167717,127.0812454
중랑구,37.6036644,127.0857315
중랑구,37.6174202,127.0819702
중랑구,37.5966879,127.0974477
중랑구,37.6174202,127.0819702
중랑구,37.5914922,127.0987776
중랑구,37.59674382,127.0763853
중랑구,37.58331664,127.0917472
중랑구,37.61763382,127.0804367
중랑구,37.6174202,127.0819702
중랑구,37.603665,127.0954812
중랑구,37.60887909,127.0771561
중랑구,37.61763382,127.0804367
중랑구,37.59682846,127.0730286
중랑구,37.5929184,127.0782166
중랑구,37.59192276,127.0896378
중랑구,37.61820984,127.0871658
중랑구,37.59682064,127.075582
중랑구,37.5928457,127.0897413
중랑구,37.6174469,127.0782547
중랑구,37.59680939,127.0763779
중랑구,37.60268183,127.0872944
중랑구,37.59329987,127.0974731
중랑구,37.59203339,127.0857239
중랑구,37.59220387,127.0941253
중랑구,37.59561861,127.0876766
중랑구,37.61819839,127.0806885
중랑구,37.61820984,127.0871658
중랑구,37.59683228,127.083931
중랑구,37.59220294,127.0760023
중랑구,37.59209061,127.082016
중랑구,37.59210587,127.0879364
중랑구,37.59220387,127.0941253
중랑구,37.59209061,127.082016
중랑구,37.59210587,127.0879364
중랑구,37.57302096,127.0913011
중랑구,37.59203339,127.0857239
중랑구,37.59528783,127.0766841
중랑구,37.59000002,127.0805227
중랑구,37.61782455,127.1011887
중랑구,37.59976257,127.1039261
중랑구,37.59220387,127.0941253
중랑구,37.59220294,127.0760023
중랑구,37.5919684,127.0835279
중랑구,37.59194183,127.0886765
중랑구,37.59185028,127.0901184
중랑구,37.59195221,127.0990279
중랑구,37.58039013,127.0928261
중랑구,37.59218597,127.095108
중랑구,37.5918826,127.0926498
중랑구,37.59192276,127.0896378
중랑구,37.59207916,127.0790329
중랑구,37.59185028,127.0901184
중랑구,37.59179688,127.0740662
중랑구,37.59170898,127.0858582
중랑구,37.59682064,127.075582
중랑구,37.59185028,127.0901184
중랑구,37.59183945,127.1017354
중랑구,37.59173493,127.0982426
중랑구,37.59363174,127.0949783
중랑구,37.59183945,127.1017354
중랑구,37.59185171,127.0919499
중랑구,37.59169929,127.0779238
중랑구,37.61830139,127.0833359
중랑구,37.59169724,127.091216
중랑구,37.59171272,127.0921194
중랑구,37.59169724,127.091216
중랑구,37.61830139,127.0833359
중랑구,37.59173493,127.0982426
중랑구,37.59203339,127.0857239
중랑구,37.59195221,127.0990279
중랑구,37.591465,127.0891418
중랑구,37.5914469,127.0908846
중랑구,37.5915451,127.0849228
중랑구,37.61823273,127.0817871
중랑구,37.59173493,127.0982426
중랑구,37.59140097,127.0915673
중랑구,37.59135971,127.0799652
중랑구,37.59700775,127.0740051
중랑구,37.58756806,127.0989214
중랑구,37.59135818,127.0861893
중랑구,37.59761429,127.079422
중랑구,37.5913478,127.0993414
중랑구,37.59134672,127.0909699
중랑구,37.59140097,127.0915673
중랑구,37.6182495,127.0845989
중랑구,37.6182495,127.0845989
중랑구,37.59122125,127.1013843
중랑구,37.60224888,127.1110977
중랑구,37.59126005,127.1023055
중랑구,37.59126005,127.1023055
중랑구,37.5912547,127.1030409
중랑구,37.59173493,127.0982426
중랑구,37.59225863,127.1004539
중랑구,37.61830139,127.0833359
중랑구,37.59126005,127.1023055
중랑구,37.59378314,127.0941158
중랑구,37.59111023,127.0846634
중랑구,37.59119007,127.0761657
중랑구,37.58475736,127.0782255
중랑구,37.59116745,127.0942307
중랑구,37.59116745,127.0942307
중랑구,37.6182495,127.0845989
중랑구,37.59102249,127.0898132
중랑구,37.59000002,127.0805227
중랑구,37.59111023,127.0846634
중랑구,37.59086199,127.0754111
중랑구,37.59269675,127.092849
중랑구,37.59102249,127.0898132
중랑구,37.58251809,127.0836815
중랑구,37.60246404,127.0805565
중랑구,37.59099386,127.0814153
중랑구,37.59098053,127.081665
중랑구,37.5909011,127.0740946
중랑구,37.59098053,127.081665
중랑구,37.59098053,127.081665
중랑구,37.59093857,127.1005707
중랑구,37.59093857,127.1005707
중랑구,37.58165966,127.0793401
중랑구,37.5940782,127.0817626
중랑구,37.5909011,127.0740946
중랑구,37.59081672,127.0852892
중랑구,37.59086609,127.0809021
중랑구,37.59086199,127.0754111
중랑구,37.61862002,127.0841332
중랑구,37.60837479,127.0787794
중랑구,37.61770248,127.102478
중랑구,37.59122432,127.0785631
중랑구,37.59082119,127.0752396
중랑구,37.59070195,127.0868494
중랑구,37.59064484,127.0948334
중랑구,37.59060287,127.0877151
중랑구,37.59066001,127.0778024
중랑구,37.59066338,127.0922331
중랑구,37.61975205,127.0844697
중랑구,37.59080124,127.0926132
중랑구,37.59111023,127.0939636
중랑구,37.59101868,127.091095
중랑구,37.59027729,127.0879836
중랑구,37.59009933,127.09021
중랑구,37.59055328,127.0832901
중랑구,37.59057332,127.0942573
중랑구,37.59501114,127.0828974
중랑구,37.59048462,127.0891113
중랑구,37.59080124,127.0994339
중랑구,37.59473057,127.0861421
중랑구,37.59050129,127.0917005
중랑구,37.59047699,127.0851593
중랑구,37.59027729,127.0879836
중랑구,37.59048298,127.0777836
중랑구,37.59037973,127.0887251
중랑구,37.59043121,127.0739822
중랑구,37.59048298,127.0777836
중랑구,37.59027729,127.0879836
중랑구,37.59024794,127.0862819
중랑구,37.5900823,127.1008773
중랑구,37.5940782,127.0817626
중랑구,37.59027729,127.0879836
중랑구,37.59080124,127.0994339
중랑구,37.59026958,127.1023266
중랑구,37.60227648,127.0968602
중랑구,37.59225863,127.1004539
중랑구,37.5902765,127.0766162
중랑구,37.59022734,127.1004945
중랑구,37.59725189,127.0786819
중랑구,37.59598049,127.094987
중랑구,37.57400797,127.0795442
중랑구,37.59014893,127.0721283
중랑구,37.59030533,127.099556
중랑구,37.5900823,127.1008773
중랑구,37.58972168,127.0984955
중랑구,37.58006836,127.0908408
중랑구,37.59699631,127.0842896
중랑구,37.58932257,127.0945565
중랑구,37.57999219,127.0950668
중랑구,37.59540558,127.0733719
중랑구,37.62044144,127.1062469
중랑구,37.59000002,127.0805227
중랑구,37.58992767,127.0992584
중랑구,37.58981466,127.0773315
중랑구,37.57533881,127.084403
중랑구,37.58979416,127.0934296
중랑구,37.58981466,127.0773315
중랑구,37.58988478,127.0760724
중랑구,37.58979416,127.0934296
중랑구,37.62044144,127.1062469
중랑구,37.58972168,127.1009903
중랑구,37.58972168,127.1009903
중랑구,37.59761429,127.079422
중랑구,37.58972168,127.0960236
중랑구,37.60837555,127.0731888
중랑구,37.58969582,127.0903377
중랑구,37.58969582,127.0903377
중랑구,37.61807795,127.1109551
중랑구,37.58972168,127.0984955
중랑구,37.59108152,127.0855532
중랑구,37.58953094,127.0831299
중랑구,37.58950774,127.0896188
중랑구,37.58964539,127.0881958
중랑구,37.58947372,127.0987015
중랑구,37.58947372,127.0987015
중랑구,37.5812829,127.0833162
중랑구,37.59009933,127.09021
중랑구,37.60741043,127.0995865
중랑구,37.58894712,127.0743428
중랑구,37.58926392,127.1012497
중랑구,37.58932257,127.0945565
중랑구,37.58926392,127.1012497
중랑구,37.58937836,127.0915985
중랑구,37.58924172,127.0798635
중랑구,37.58937836,127.0915985
중랑구,37.58010022,127.0794737
중랑구,37.58909225,127.0875626
중랑구,37.58909519,127.0736543
중랑구,37.58908463,127.0975342
중랑구,37.58909519,127.0736543
중랑구,37.58909225,127.0875626
중랑구,37.58906937,127.0991898
중랑구,37.58908247,127.0809125
중랑구,37.58233373,127.0887154
중랑구,37.58900042,127.1021018
중랑구,37.58893585,127.0873108
중랑구,37.59026958,127.1023266
중랑구,37.58894712,127.0743428
중랑구,37.58893238,127.078213
중랑구,37.58893585,127.0873108
중랑구,37.58894712,127.0743428
중랑구,37.59770203,127.0747986
중랑구,37.58893238,127.078213
중랑구,37.58889771,127.0752029
중랑구,37.58889811,127.1005401
중랑구,37.58889658,127.0932895
중랑구,37.58889811,127.1005401
중랑구,37.58889811,127.1005401
중랑구,37.58889379,127.0893987
중랑구,37.6074295,127.0771637
중랑구,37.58947372,127.0987015
중랑구,37.58888626,127.0831223
중랑구,37.58882904,127.0986862
중랑구,37.58882904,127.0986862
중랑구,37.58886577,127.0869216
중랑구,37.58843994,127.0765533
중랑구,37.58824158,127.0790558
중랑구,37.60617065,127.0780182
중랑구,37.6019516,127.0851135
중랑구,37.58868899,127.0922616
중랑구,37.58871078,127.0862656
중랑구,37.58868027,127.0812149
중랑구,37.58862686,127.0829697
중랑구,37.58861754,127.0919368
중랑구,37.58863704,127.0860095
중랑구,37.59585673,127.0862028
중랑구,37.58861754,127.0919368
중랑구,37.5962944,127.074852
중랑구,37.58888626,127.0831223
중랑구,37.58843994,127.0765533
중랑구,37.58890492,127.0979823
중랑구,37.60653252,127.0805629
중랑구,37.58846509,127.0848522
중랑구,37.60694504,127.0971375
중랑구,37.58842087,127.0901871
중랑구,37.6065729,127.0919046
중랑구,37.57302096,127.0913011
중랑구,37.58699265,127.094408
중랑구,37.58838493,127.087981
중랑구,37.58838493,127.087981
중랑구,37.58840112,127.0998477
중랑구,37.59804026,127.0774879
중랑구,37.58840112,127.0998477
중랑구,37.58830705,127.0869067
중랑구,37.59734344,127.0761108
중랑구,37.58842087,127.0901871
중랑구,37.58827988,127.0752188
중랑구,37.58794785,127.0812454
중랑구,37.58770008,127.0926933
중랑구,37.58851091,127.0877297
중랑구,37.58787,127.0961876
중랑구,37.57327328,127.0889262
중랑구,37.58823929,127.0808216
중랑구,37.5888722,127.0765064
중랑구,37.59749759,127.1010437
중랑구,37.60640929,127.0939654
중랑구,37.59338657,127.0744882
중랑구,37.60287094,127.0810547
중랑구,37.60585859,127.1062151
중랑구,37.59760733,127.0852728
중랑구,37.58939758,127.0859752
중랑구,37.5963009,127.0738948
중랑구,37.59682064,127.075582
중랑구,37.60595882,127.0941573
중랑구,37.5961408,127.0903738
중랑구,37.59761316,127.0832848
중랑구,37.59749759,127.1010437
중랑구,37.60151758,127.0792524
중랑구,37.60585692,127.0979303
중랑구,37.60600981,127.0770324
중랑구,37.58802487,127.100125
중랑구,37.60578287,127.0826212
중랑구,37.60579165,127.0992768
중랑구,37.60281434,127.0869883
중랑구,37.59768295,127.0728378
중랑구,37.5978241,127.0867615
중랑구,37.59383543,127.0762668
중랑구,37.60837479,127.0787794
중랑구,37.60404587,127.0764771
중랑구,37.60255432,127.0958099
중랑구,37.59545224,127.1002369
중랑구,37.58883734,127.0871257
중랑구,37.59697342,127.096283
중랑구,37.60248023,127.0937989
중랑구,37.58800888,127.0829315
중랑구,37.59854889,127.0785904
중랑구,37.59958754,127.1024629
중랑구,37.59762851,127.0963134
중랑구,37.60414401,127.0791938
중랑구,37.60552597,127.0794525
중랑구,37.59765244,127.0883636
중랑구,37.59762851,127.0963134
중랑구,37.59765244,127.0883636
중랑구,37.59793725,127.1034561
중랑구,37.60526938,127.0734721
중랑구,37.60685835,127.095429
중랑구,37.60645676,127.0798569
중랑구,37.59269675,127.092849
중랑구,37.60486065,127.0802276
중랑구,37.57304374,127.0831953
중랑구,37.58775156,127.0797945
중랑구,37.58322144,127.0923691
중랑구,37.59761316,127.0832848
중랑구,37.59848266,127.0996369
중랑구,37.61473221,127.0774814
중랑구,37.59773849,127.093952
중랑구,37.61658062,127.0934168
중랑구,37.59750964,127.0721799
중랑구,37.60101119,127.107644
중랑구,37.61793823,127.0869655
중랑구,37.59868138,127.0850845
중랑구,37.59801826,127.1041337
중랑구,37.59888838,127.0951659
중랑구,37.59770203,127.0747986
중랑구,37.58646157,127.0761932
중랑구,37.60438156,127.0781479
중랑구,37.59781647,127.0740128
중랑구,37.59781647,127.0740128
중랑구,37.59469618,127.0930224
중랑구,37.60095921,127.0771275
중랑구,37.5990671,127.0864953
중랑구,37.60482038,127.0772578
중랑구,37.60437034,127.0809627
중랑구,37.57404773,127.0910165
중랑구,37.59540558,127.0733719
중랑구,37.59398937,127.0757151
중랑구,37.59773849,127.093952
중랑구,37.60377889,127.1005831
중랑구,37.60429978,127.0795853
중랑구,37.58748149,127.0736711
중랑구,37.6036644,127.0857315
중랑구,37.60342026,127.0861282
중랑구,37.59791016,127.1013058
중랑구,37.59781647,127.0740128
중랑구,37.60431923,127.0939483
중랑구,37.59000002,127.0805227
중랑구,37.59747521,127.0859559
중랑구,37.60128067,127.0977801
중랑구,37.59623869,127.103383
중랑구,37.59791016,127.1013058
중랑구,37.59405194,127.0866591
중랑구,37.60866928,127.0872498
중랑구,37.59786895,127.085948
중랑구,37.59793707,127.0775252
중랑구,37.58728133,127.0806577
중랑구,37.59976257,127.1039261
중랑구,37.59577942,127.0881729
중랑구,37.59581702,127.0721044
중랑구,37.59950511,127.0896896
중랑구,37.59405194,127.0866591
중랑구,37.59579838,127.0708616
중랑구,37.59545224,127.1002369
중랑구,37.59577666,127.0775109
중랑구,37.59616089,127.0782928
중랑구,37.59971619,127.08181
중랑구,37.58880083,127.0869409
중랑구,37.59794379,127.0845694
중랑구,37.60070038,127.0819244
중랑구,37.59408058,127.0796319
중랑구,37.59131037,127.1039494
중랑구,37.5871582,127.0951538
중랑구,37.59506989,127.071022
중랑구,37.59498505,127.0850017
중랑구,37.58322978,127.0772398
중랑구,37.59935379,127.0765076
중랑구,37.61263845,127.0887777
중랑구,37.59220387,127.0941253
중랑구,37.59415158,127.0894051
중랑구,37.59202576,127.080925
중랑구,37.59195328,127.0957565
중랑구,37.59194183,127.0886765
중랑구,37.59430895,127.0987213
중랑구,37.59185028,127.0901184
중랑구,37.59225082,127.1026535
중랑구,37.59153366,127.0925064
중랑구,37.57386121,127.0909026
중랑구,37.58703967,127.0890692
중랑구,37.59135971,127.0799652
중랑구,37.59140097,127.0915673
중랑구,37.59135971,127.0799652
중랑구,37.59135818,127.0861893
중랑구,37.5913006,127.0970897
중랑구,37.5913006,127.0970897
중랑구,37.59140097,127.0915673
중랑구,37.59119007,127.0761657
중랑구,37.59116745,127.0942307
중랑구,37.59103394,127.0887299
중랑구,37.5940782,127.0817626
중랑구,37.59093857,127.1005707
중랑구,37.5905838,127.0999603
중랑구,37.5908165,127.0927658
중랑구,37.59070195,127.0868494
중랑구,37.59066001,127.0778024
중랑구,37.59991455,127.088562
중랑구,37.59060287,127.0877151
중랑구,37.61382294,127.0886002
중랑구,37.59048298,127.0777836
중랑구,37.59047699,127.0851593
중랑구,37.59064484,127.0948334
중랑구,37.5902765,127.0766162
중랑구,37.59048462,127.0891113
중랑구,37.59009171,127.0979996
중랑구,37.59060287,127.1003036
중랑구,37.5877037,127.0966644
중랑구,37.59009933,127.09021
중랑구,37.58992767,127.0992584
중랑구,37.59341491,127.0893053
중랑구,37.58684805,127.0882506
중랑구,37.59025955,127.0819931
중랑구,37.58972168,127.0984955
중랑구,37.58967008,127.0765087
중랑구,37.58964539,127.0881958
중랑구,37.58937836,127.0915985
중랑구,37.58926392,127.1012497
중랑구,37.58924172,127.0798635
중랑구,37.58908463,127.0975342
중랑구,37.5935936,127.0881577
중랑구,37.58893585,127.0873108
중랑구,37.58893238,127.078213
중랑구,37.58862686,127.0872269
중랑구,37.58889379,127.0893987
중랑구,37.59329526,127.082433
중랑구,37.58879709,127.0956309
중랑구,37.58662415,127.0887222
중랑구,37.58863704,127.0860095
중랑구,37.58867044,127.0975923
중랑구,37.58852223,127.0840455
중랑구,37.58846509,127.0848522
중랑구,37.58842087,127.0901871
중랑구,37.58840112,127.0998477
중랑구,37.58888626,127.0831223
중랑구,37.58824158,127.0790558
중랑구,37.58823395,127.0938416
중랑구,37.58318329,127.0934753
중랑구,37.58813477,127.0783463
중랑구,37.58805506,127.0744996
중랑구,37.58802487,127.100125
중랑구,37.58800888,127.0829315
중랑구,37.58770008,127.0926933
중랑구,37.58573711,127.0784032
중랑구,37.5879097,127.0777893
중랑구,37.59026958,127.1023266
중랑구,37.59345169,127.1009159
중랑구,37.58779526,127.0853271
중랑구,37.58782196,127.081131
중랑구,37.59355235,127.0759754
중랑구,37.58830705,127.0869067
중랑구,37.58786901,127.0934525
중랑구,37.58769396,127.1010282
중랑구,37.58765362,127.0900547
중랑구,37.61423367,127.075444
중랑구,37.59316547,127.0830602
중랑구,37.58746841,127.0873037
중랑구,37.58740234,127.0836639
중랑구,37.5877037,127.0966644
중랑구,37.58786901,127.0934525
중랑구,37.59329987,127.0974731
중랑구,37.58724594,127.0771103
중랑구,37.59571075,127.0731735
중랑구,37.5871582,127.0951538
중랑구,37.5871582,127.0951538
중랑구,37.58712725,127.1003274
중랑구,37.58348669,127.081257
중랑구,37.58724213,127.0937271
중랑구,37.58703967,127.0890692
중랑구,37.58711457,127.0896047
중랑구,37.58698567,127.0740944
중랑구,37.58698509,127.0782852
중랑구,37.58685303,127.0802307
중랑구,37.58685238,127.0835049
중랑구,37.58613205,127.087616
중랑구,37.58648251,127.0822796
중랑구,37.58676354,127.0772539
중랑구,37.58666611,127.0860596
중랑구,37.58666611,127.0860596
중랑구,37.58657837,127.0825272
중랑구,37.58662415,127.0887222
중랑구,37.59301758,127.0849762
중랑구,37.58712725,127.1003274
중랑구,37.58665133,127.0905398
중랑구,37.58650181,127.0821261
중랑구,37.59269675,127.092849
중랑구,37.59805814,127.0774931
중랑구,37.58627701,127.0855637
중랑구,37.58626556,127.0962219
중랑구,37.58626175,127.0924606
중랑구,37.58598705,127.0884172
중랑구,37.58653259,127.0901947
중랑구,37.58665133,127.0905398
중랑구,37.58614705,127.0807851
중랑구,37.58611298,127.0828476
중랑구,37.60233307,127.1036301
중랑구,37.58598705,127.0884172
중랑구,37.58588485,127.0853599
중랑구,37.59535356,127.0842558
중랑구,37.58587646,127.0859451
중랑구,37.5990671,127.0864953
중랑구,37.58611298,127.0828476
중랑구,37.59839516,127.1040852
중랑구,37.58586206,127.0816007
중랑구,37.58587574,127.0914494
중랑구,37.58558822,127.0820251
중랑구,37.58525085,127.0889511
중랑구,37.58555093,127.0839481
중랑구,37.58548766,127.0845481
중랑구,37.58587574,127.0914494
중랑구,37.58558822,127.0820251
중랑구,37.60343182,127.0898614
중랑구,37.58543396,127.0813904
중랑구,37.5914922,127.0987776
중랑구,37.58535004,127.075943
중랑구,37.58532715,127.0767365
중랑구,37.59218597,127.095108
중랑구,37.59839516,127.1040852
중랑구,37.58507567,127.0897671
중랑구,37.58182081,127.0867135
중랑구,37.58521794,127.0755231
중랑구,37.60824966,127.0926056
중랑구,37.58496475,127.0902557
중랑구,37.58480156,127.0789245
중랑구,37.58552551,127.0752945
중랑구,37.58486146,127.0926598
중랑구,37.60042235,127.1048187
중랑구,37.58470711,127.0820631
중랑구,37.58470711,127.0820631
중랑구,37.5847435,127.0883408
중랑구,37.58476257,127.087471
중랑구,37.58467749,127.0831989
중랑구,37.58460236,127.0839767
중랑구,37.58455236,127.0892755
중랑구,37.58440018,127.0860977
중랑구,37.58454251,127.0760875
중랑구,37.58433533,127.0912323
중랑구,37.5843544,127.0869293
중랑구,37.58545382,127.0914186
중랑구,37.58430862,127.0767365
중랑구,37.58440018,127.0860977
중랑구,37.58419037,127.081337
중랑구,37.57425632,127.0909311
중랑구,37.58417815,127.0931081
중랑구,37.58404922,127.080658
중랑구,37.58404922,127.080658
중랑구,37.58391593,127.0905189
중랑구,37.6086235,127.0874557
중랑구,37.58375931,127.0924301
중랑구,37.58382386,127.0783195
중랑구,37.60058751,127.0787329
중랑구,37.58454251,127.0760875
중랑구,37.58348669,127.081257
중랑구,37.58363342,127.0833817
중랑구,37.58543015,127.0790405
중랑구,37.61799158,127.0833534
중랑구,37.60949326,127.074585
중랑구,37.58391593,127.0905189
중랑구,37.58336657,127.0912427
중랑구,37.58336416,127.0906304
중랑구,37.58375931,127.0924301
중랑구,37.61489105,127.084671
중랑구,37.60653252,127.0805629
중랑구,37.6088829,127.075531
중랑구,37.59760733,127.0852728
중랑구,37.60887909,127.0771561
중랑구,37.60017971,127.0977852
중랑구,37.60897065,127.0762122
중랑구,37.60897065,127.0762122
중랑구,37.60921897,127.0811844
중랑구,37.58486146,127.0926598
중랑구,37.60866928,127.0872498
중랑구,37.60925674,127.0815582
중랑구,37.61109821,127.075023
중랑구,37.57193268,127.0829358
중랑구,37.59962488,127.1061817
중랑구,37.61423492,127.08918
중랑구,37.61338806,127.0942078
중랑구,37.61392995,127.0983043
중랑구,37.61353683,127.11129
중랑구,37.57154846,127.0822678
중랑구,37.57450094,127.0876029
중랑구,37.61457062,127.1122131
중랑구,37.59935379,127.0765076
중랑구,37.61590958,127.1078644
중랑구,37.61655807,127.109024
중랑구,37.58480156,127.0789245
중랑구,37.61655807,127.109024
중랑구,37.57779312,127.0877075
중랑구,37.61382294,127.0886002
중랑구,37.59796579,127.1018387
중랑구,37.60653252,127.0805629
중랑구,37.5990984,127.0995569
중랑구,37.57085189,127.0868392
중랑구,37.61799158,127.0833534
중랑구,37.59004974,127.0833588
중랑구,37.57085189,127.0868392
중랑구,37.61382294,127.0886002
중랑구,37.59279672,127.0836989
중랑구,37.57253669,127.0832462
중랑구,37.57176476,127.0871824
중랑구,37.59908368,127.0936859
중랑구,37.58462161,127.0856788
중랑구,37.57178242,127.0841227
중랑구,37.58796692,127.0769119
중랑구,37.57204722,127.0815917
중랑구,37.5933342,127.0919189
중랑구,37.5725563,127.0810648
중랑구,37.57294817,127.0826759
중랑구,37.5730629,127.0841827
중랑구,37.59841749,127.07657
중랑구,37.59863629,127.102733
중랑구,37.61459732,127.1007996
중랑구,37.59796579,127.1018387
중랑구,37.59793725,127.1034561
중랑구,37.59227371,127.0815125
중랑구,37.59801102,127.1021042
중랑구,37.58453208,127.078232
중랑구,37.59812164,127.075592
중랑구,37.59868138,127.0850845
중랑구,37.59836786,127.0829846
중랑구,37.57325104,127.0812431
중랑구,37.59794379,127.0845694
중랑구,37.59812164,127.075592
중랑구,37.57342911,127.0830917
중랑구,37.57574463,127.0839996
중랑구,37.59822267,127.079949
중랑구,37.57394968,127.0829947
중랑구,37.59799957,127.0951309
중랑구,37.59851795,127.0764471
중랑구,37.57412796,127.0841868
중랑구,37.59827713,127.1060599
중랑구,37.5843544,127.0869293
중랑구,37.59827423,127.0809097
중랑구,37.5982132,127.086174
중랑구,37.59318193,127.1016675
중랑구,37.57776185,127.0893277
중랑구,37.59799957,127.0951309
중랑구,37.59804026,127.0774879
중랑구,37.59841343,127.0871003
중랑구,37.59837085,127.0878654
중랑구,37.57329559,127.0810165
중랑구,37.5914922,127.0987776
중랑구,37.59827713,127.1060599
중랑구,37.59827423,127.0809097
중랑구,37.59762851,127.0963134
중랑구,37.59827713,127.1060599
중랑구,37.57519401,127.0823473
중랑구,37.59535356,127.0842558
중랑구,37.61488851,127.0752583
중랑구,37.59835662,127.0877687
중랑구,37.59042384,127.0891135
중랑구,37.57574463,127.0870438
중랑구,37.59835662,127.0877687
중랑구,37.59835662,127.0877687
중랑구,37.59841343,127.0871003
중랑구,37.59682083,127.0836334
중랑구,37.59848266,127.0996369
중랑구,37.59804026,127.0774879
중랑구,37.59836786,127.0829846
중랑구,37.59848785,127.1049042
중랑구,37.59651329,127.1010286
중랑구,37.57609177,127.0823593
중랑구,37.60506439,127.0996933
중랑구,37.59837085,127.0878654
중랑구,37.59835662,127.0877687
중랑구,37.57614168,127.0836449
중랑구,37.60500717,127.0754013
중랑구,37.60600981,127.0770324
중랑구,37.60459137,127.1035385
중랑구,37.60496805,127.100657
중랑구,37.60486065,127.0802276
중랑구,37.60439346,127.1059924
중랑구,37.6052401,127.076133
중랑구,37.60482038,127.0772578
중랑구,37.60500717,127.0754013
중랑구,37.61350675,127.1054068
중랑구,37.60429978,127.0795853
중랑구,37.58380127,127.0856323
중랑구,37.59850535,127.0975142
중랑구,37.60437034,127.0809627
중랑구,37.57614168,127.0836449
중랑구,37.57730497,127.0898067
중랑구,37.60431923,127.0939483
중랑구,37.6042816,127.0802474
중랑구,37.59700775,127.0740051
중랑구,37.57661057,127.0878296
중랑구,37.61622341,127.0799093
중랑구,37.60429978,127.0795853
중랑구,37.57679184,127.086513
중랑구,37.61926342,127.1108557
중랑구,37.59851795,127.0764471
중랑구,37.59848266,127.0996369
중랑구,37.60438156,127.0781479
중랑구,37.58359528,127.0952072
중랑구,37.59246063,127.0959549
중랑구,37.6042816,127.0802474
중랑구,37.5927887,127.094696
중랑구,37.57561053,127.0878463
중랑구,37.59353886,127.099833
중랑구,37.59377054,127.1031019
중랑구,37.59383543,127.0762668
중랑구,37.59420208,127.0900553
중랑구,37.59446335,127.0971527
중랑구,37.5940782,127.0817626
중랑구,37.59485825,127.102557
중랑구,37.59848785,127.1049042
중랑구,37.59562102,127.0972507
중랑구,37.59577942,127.0881729
중랑구,37.59633001,127.0709051
중랑구,37.58336657,127.0912427
중랑구,37.59636688,127.0879822
중랑구,37.59682083,127.0836334
중랑구,37.59729385,127.0955658
중랑구,37.59765244,127.0883636
중랑구,37.59794379,127.0845694
중랑구,37.5978241,127.0867615
중랑구,37.59683228,127.083931
중랑구,37.59850535,127.0975142
중랑구,37.59871061,127.0984767
중랑구,37.59581046,127.0794291
중랑구,37.59851795,127.0764471
중랑구,37.59960556,127.0850983
중랑구,37.59973633,127.0956031
중랑구,37.59976257,127.1039261
중랑구,37.60020729,127.0757352
중랑구,37.59850535,127.0975142
중랑구,37.60026169,127.0829163
중랑구,37.59850693,127.0733795
중랑구,37.59153366,127.0925064
중랑구,37.60046005,127.0919342
중랑구,37.59004974,127.0833588
중랑구,37.59851074,127.101059
중랑구,37.59862137,127.1020889
중랑구,37.59874895,127.0826786
중랑구,37.59971619,127.08181
중랑구,37.59571533,127.0884304
중랑구,37.59854889,127.0785904
중랑구,37.59863629,127.102733
중랑구,37.5985527,127.074707
중랑구,37.59854889,127.0785904
중랑구,37.59888458,127.0856857
중랑구,37.59863629,127.102733
중랑구,37.59505463,127.0880356
중랑구,37.59604019,127.1018531
중랑구,37.59862137,127.1020889
중랑구,37.59862137,127.1020889
중랑구,37.59883499,127.0812988
중랑구,37.59868138,127.0850845
중랑구,37.59871061,127.0984767
중랑구,37.60183162,127.0861195
중랑구,37.60195923,127.1017075
중랑구,37.60207748,127.0875549
중랑구,37.60229991,127.0819568
중랑구,37.60224888,127.1110977
중랑구,37.60268183,127.0872944
중랑구,37.60295868,127.0743942
중랑구,37.60366821,127.1100616
중랑구,37.59962488,127.1061817
중랑구,37.59576419,127.0967267
중랑구,37.59505463,127.0880356
중랑구,37.60419083,127.0924149
중랑구,37.60438156,127.0781479
중랑구,37.60500717,127.0754013
중랑구,37.60565186,127.0745468
중랑구,37.59533394,127.0991466
중랑구,37.60587192,127.0832542
중랑구,37.60411991,127.0989182
중랑구,37.60837479,127.0787794
중랑구,37.60796319,127.0756635
중랑구,37.60981258,127.0776374
중랑구,37.60379223,127.0993336
중랑구,37.60457993,127.0900345
중랑구,37.60401535,127.0751572
중랑구,37.59520275,127.089267
중랑구,37.60094452,127.0769501
중랑구,37.59883499,127.0812988
중랑구,37.60872679,127.1126586
중랑구,37.60355759,127.0947418
중랑구,37.60404587,127.0764771
중랑구,37.60387421,127.0874786
중랑구,37.60411991,127.0989182
중랑구,37.60419083,127.0924149
중랑구,37.60379223,127.0993336
중랑구,37.60387421,127.0874786
중랑구,37.60377889,127.1005831
중랑구,37.61488851,127.0752583
중랑구,37.60490799,127.0988922
중랑구,37.59890366,127.1045074
중랑구,37.59947491,127.0747299
중랑구,37.59883499,127.0812988
중랑구,37.59888838,127.0951659
중랑구,37.59890366,127.1045074
중랑구,37.61109821,127.075023
중랑구,37.59874895,127.0826786
중랑구,37.59446335,127.0971527
중랑구,37.59891761,127.0928383
중랑구,37.59921462,127.0943852
중랑구,37.59891761,127.0928383
중랑구,37.59888838,127.0951659
중랑구,37.61188294,127.076653
중랑구,37.61123842,127.0750319
중랑구,37.59893036,127.0761337
중랑구,37.59939194,127.0788345
중랑구,37.60401535,127.0751572
중랑구,37.603665,127.0954812
중랑구,37.5990671,127.0864953
중랑구,37.59405136,127.0954666
중랑구,37.60351944,127.0829697
중랑구,37.59902573,127.0837021
중랑구,37.5990984,127.0995569
중랑구,37.59917843,127.1035835
중랑구,37.60366821,127.1100616
중랑구,37.59973633,127.0956031
중랑구,37.60351944,127.0829697
중랑구,37.60352325,127.1033478
중랑구,37.59920356,127.1055354
중랑구,37.61423367,127.075444
중랑구,37.61366922,127.0753539
중랑구,37.61422124,127.0737088
중랑구,37.61223422,127.0805815
중랑구,37.59004974,127.0833588
중랑구,37.59917843,127.1035835
중랑구,37.59370041,127.0853653
중랑구,37.59888458,127.0856857
중랑구,37.5990887,127.0860606
중랑구,37.59042384,127.0891135
중랑구,37.59929276,127.094696
중랑구,37.59930801,127.1014404
중랑구,37.59921462,127.0943852
중랑구,37.59939194,127.0788345
중랑구,37.59921462,127.0943852
중랑구,37.57725634,127.0838801
중랑구,37.59111805,127.1041393
중랑구,37.5914922,127.0987776
중랑구,37.59922028,127.0862198
중랑구,37.59874895,127.0826786
중랑구,37.59922028,127.0862198
중랑구,37.59939194,127.0788345
중랑구,37.59947491,127.0747299
중랑구,37.59185028,127.074379
중랑구,37.59185028,127.074379
중랑구,37.59111023,127.0846634
중랑구,37.59122432,127.0785631
중랑구,37.59165192,127.1002197
중랑구,37.59935379,127.0765076
중랑구,37.59064484,127.0948334
중랑구,37.59043121,127.0739822
중랑구,37.59016605,127.0889891
중랑구,37.58988478,127.0760724
중랑구,37.58953094,127.0831299
중랑구,37.59540558,127.0733719
중랑구,37.59922028,127.0862198
중랑구,37.5775238,127.0850258
중랑구,37.5888722,127.0765064
중랑구,37.58846509,127.0848522
중랑구,37.58823929,127.0808216
중랑구,37.58805506,127.0744996
중랑구,37.58794785,127.0812454
중랑구,37.58781052,127.0838852
중랑구,37.58728133,127.0806577
중랑구,37.58740234,127.0836639
중랑구,37.58728133,127.0806577
중랑구,37.58713913,127.0790863
중랑구,37.58703183,127.0874546
중랑구,37.58698509,127.0782852
중랑구,37.59535255,127.1016029
중랑구,37.5951189,127.0853355
중랑구,37.58676354,127.0772539
중랑구,37.59947491,127.0747299
중랑구,37.58662415,127.0887222
중랑구,37.58613205,127.087616
중랑구,37.58626175,127.0924606
중랑구,37.58614705,127.0807851
중랑구,37.58588485,127.0853599
중랑구,37.59950511,127.0896896
중랑구,37.59624863,127.0961151
중랑구,37.5857048,127.0751724
중랑구,37.59930801,127.1014404
중랑구,37.59533394,127.0991466
중랑구,37.59506989,127.071022
중랑구,37.5995903,127.0805511
중랑구,37.58521794,127.0755231
중랑구,37.59581702,127.0721044
중랑구,37.59960556,127.0850983
중랑구,37.59950511,127.0896896
중랑구,37.59533394,127.0991466
중랑구,37.58532715,127.0767365
중랑구,37.59520275,127.089267
중랑구,37.59498505,127.0850017
중랑구,37.59500466,127.0753182
중랑구,37.59500466,127.0753182
중랑구,37.59501114,127.0828974
중랑구,37.59484521,127.0766058
중랑구,37.59521958,127.095075
중랑구,37.59505463,127.0880356
중랑구,37.59484521,127.0766058
중랑구,37.59475327,127.0819702
중랑구,37.5995903,127.0805511
중랑구,37.59475327,127.0819702
중랑구,37.59475327,127.0819702
중랑구,37.59471193,127.0981557
중랑구,37.58369064,127.093544
중랑구,37.58480156,127.0789245
중랑구,37.58475494,127.0816803
중랑구,37.57769012,127.0863953
중랑구,37.5995903,127.0805511
중랑구,37.59448765,127.0732567
중랑구,37.58456696,127.0888918
중랑구,37.5843544,127.0869293
중랑구,37.58417815,127.0931081
중랑구,37.58404922,127.080658
중랑구,37.59485825,127.102557
중랑구,37.59454213,127.0855352
중랑구,37.59960556,127.0850983
중랑구,37.59462357,127.0973282
중랑구,37.59466792,127.0900529
중랑구,37.59963989,127.0857391
중랑구,37.59469618,127.0930224
중랑구,37.58182314,127.0961941
중랑구,37.59455835,127.0867817
중랑구,37.59455835,127.0867817
중랑구,37.59466792,127.0900529
중랑구,37.59473057,127.0861421
중랑구,37.59462738,127.0925827
중랑구,37.59457017,127.0921061
중랑구,37.59765244,127.0844498
중랑구,37.59585571,127.075264
중랑구,37.59498505,127.0850017
중랑구,37.59457017,127.0921061
중랑구,37.59471193,127.0981557
중랑구,37.59446041,127.0997036
중랑구,37.59446041,127.0997036
중랑구,37.59958754,127.1024629
중랑구,37.59434201,127.0882678
중랑구,37.59434891,127.0740891
중랑구,37.59528783,127.0766841
중랑구,37.59454213,127.0855352
중랑구,37.59446335,127.0971527
중랑구,37.59408058,127.0796319
중랑구,37.59415158,127.0894051
중랑구,37.59415158,127.0894051
중랑구,37.59397888,127.0834198
중랑구,37.59408058,127.0796319
중랑구,37.59430895,127.0987213
중랑구,37.59405136,127.0954666
중랑구,37.58347087,127.081915
중랑구,37.60005987,127.0737691
중랑구,37.59398937,127.0757151
중랑구,37.59984929,127.0996133
중랑구,37.5940361,127.0713806
중랑구,37.60044479,127.0752716
중랑구,37.59398937,127.0757151
중랑구,37.59397888,127.0834198
중랑구,37.59383543,127.0762668
중랑구,37.59383543,127.0762668
중랑구,37.59441757,127.1010056
중랑구,37.59405136,127.0954666
중랑구,37.59378314,127.0941158
중랑구,37.59405136,127.0954666
중랑구,37.59380186,127.1027397
중랑구,37.59378314,127.0941158
중랑구,37.57840869,127.0915746
중랑구,37.59441757,127.1010056
중랑구,37.59383543,127.0762668
중랑구,37.60137558,127.111496
중랑구,37.59377054,127.1031019
중랑구,37.59361229,127.1021178
중랑구,37.59370041,127.0853653
중랑구,37.59362411,127.0872955
중랑구,37.59379962,127.0714586
중랑구,37.59358215,127.100647
중랑구,37.59361229,127.1021178
중랑구,37.59370041,127.0853653
중랑구,37.5935936,127.0881577
중랑구,37.59727217,127.0938884
중랑구,37.59361928,127.0761586
중랑구,37.5935936,127.0881577
중랑구,37.59971619,127.08181
중랑구,37.59362411,127.0872955
중랑구,37.5933609,127.0810013
중랑구,37.59973633,127.0956031
중랑구,37.59358215,127.100647
중랑구,37.59380186,127.1027397
중랑구,37.59364319,127.0995865
중랑구,37.59450912,127.0953293
중랑구,37.5933609,127.0810013
중랑구,37.59448765,127.0732567
중랑구,37.599823,127.1051559
중랑구,37.61070609,127.0786169
중랑구,37.59984929,127.0996133
중랑구,37.59270096,127.0747528
중랑구,37.59446335,127.0971527
중랑구,37.59272766,127.0991058
중랑구,37.59244919,127.0982819
중랑구,37.61111469,127.1061163
중랑구,37.58051073,127.0864165
중랑구,37.57810018,127.0835851
중랑구,37.58009788,127.091279
중랑구,37.58056474,127.0849703
중랑구,37.58073006,127.0890462
중랑구,37.58073006,127.0890462
중랑구,37.58082962,127.0949554
중랑구,37.58166527,127.0914995
중랑구,37.58056474,127.0849703
중랑구,37.58098984,127.0903244
중랑구,37.59454213,127.0855352
중랑구,37.58088261,127.0847719
중랑구,37.58168793,127.0904465
중랑구,37.58098984,127.0903244
중랑구,37.58105851,127.0926486
중랑구,37.58125375,127.0840938
중랑구,37.58126582,127.079881
중랑구,37.59983444,127.0959244
중랑구,37.59329987,127.0974731
중랑구,37.58126582,127.079881
중랑구,37.5820694,127.0848236
중랑구,37.58190149,127.0944005
중랑구,37.58168793,127.0904465
중랑구,37.58006142,127.0845604
중랑구,37.58190149,127.0944005
중랑구,37.58200011,127.0915678
중랑구,37.58214951,127.090477
중랑구,37.58231315,127.0887344
중랑구,37.5820694,127.0848236
중랑구,37.58246582,127.0842745
중랑구,37.58182081,127.0867135
중랑구,37.58299279,127.0795873
중랑구,37.58322144,127.0923691
중랑구,37.59301758,127.0849762
중랑구,37.59971619,127.08181
중랑구,37.599823,127.1051559
중랑구,37.59239822,127.0765982
중랑구,37.59341491,127.0893053
중랑구,37.59235382,127.1012115
중랑구,37.59662247,127.0801086
중랑구,37.58328247,127.0869064
중랑구,37.61091232,127.0941467
중랑구,37.5998447,127.0828757
중랑구,37.5998447,127.0828757
중랑구,37.59976257,127.1039261
중랑구,37.59227371,127.0815125
중랑구,37.578125,127.0842819
중랑구,37.59227371,127.0815125
중랑구,37.59984929,127.0996133
중랑구,37.59993362,127.0952301
중랑구,37.60005987,127.0737691
중랑구,37.59348348,127.0776224
중랑구,37.60166931,127.0884094
중랑구,37.59225863,127.1004539
중랑구,37.59993362,127.0952301
중랑구,37.59992106,127.0894701
중랑구,37.578125,127.0842819
중랑구,37.60100937,127.0789642
중랑구,37.60005987,127.0737691
중랑구,37.61436459,127.0817458
중랑구,37.59991821,127.0907752
중랑구,37.59997064,127.1069956
중랑구,37.60017395,127.0763092
중랑구,37.59999084,127.0871048
중랑구,37.59995504,127.0965839
중랑구,37.5852623,127.0938187
중랑구,37.59239822,127.0765982
중랑구,37.60250467,127.0949572
중랑구,37.57894282,127.0923764
중랑구,37.60111198,127.0952957
중랑구,37.60017395,127.0763092
중랑구,37.60044417,127.0851313
중랑구,37.59725189,127.0786819
중랑구,37.60031891,127.086586
중랑구,37.60045242,127.0912476
중랑구,37.60019909,127.1119916
중랑구,37.57837912,127.0849606
중랑구,37.59712042,127.1030482
중랑구,37.59239822,127.0765982
중랑구,37.60026169,127.0829163
중랑구,37.60017971,127.0977852
중랑구,37.60026169,127.0829163
중랑구,37.60037801,127.1081954
중랑구,37.60031891,127.086586
중랑구,37.57856369,127.0933075
중랑구,37.60024525,127.0981443
중랑구,37.60031891,127.086586
중랑구,37.60042235,127.1048187
중랑구,37.60037801,127.1081954
중랑구,37.60044142,127.0953652
중랑구,37.60044417,127.0851313
중랑구,37.60046005,127.0919342
중랑구,37.57868195,127.0863342
중랑구,37.60046005,127.0997772
중랑구,37.59616089,127.0782928
중랑구,37.60058751,127.0787329
중랑구,37.60037801,127.1081954
중랑구,37.60044417,127.0851313
중랑구,37.59348348,127.0776224
중랑구,37.57999219,127.0950668
중랑구,37.60045242,127.0912476
중랑구,37.5788269,127.0882187
중랑구,37.60046005,127.0919342
중랑구,37.60045242,127.0912476
중랑구,37.59307982,127.0824238
중랑구,37.59301758,127.0849762
중랑구,37.60044417,127.0851313
중랑구,37.5925293,127.0913391
중랑구,37.57892227,127.0904541
중랑구,37.57909514,127.0858579
중랑구,37.6007838,127.1020275
중랑구,37.60046005,127.0997772
중랑구,37.60045242,127.0912476
중랑구,37.5925293,127.0741577
중랑구,37.59270096,127.0747528
중랑구,37.5928457,127.0897413
중랑구,37.59270064,127.0798847
중랑구,37.57921168,127.0854043
중랑구,37.5925293,127.0913391
중랑구,37.59261493,127.1024951
중랑구,37.59261493,127.1024951
중랑구,37.59270064,127.0798847
중랑구,37.58318329,127.0934753
중랑구,37.59314731,127.084235
중랑구,37.57909514,127.0858579
중랑구,37.5793664,127.0837758
중랑구,37.5793072,127.0895914
중랑구,37.57952499,127.0951004
중랑구,37.61504364,127.0745239
중랑구,37.57984924,127.0862427
중랑구,37.61572266,127.078949
중랑구,37.57572283,127.0833332
중랑구,37.61597443,127.0837784
중랑구,37.61524088,127.0795164
중랑구,37.61553888,127.0977834
중랑구,37.61571441,127.0770428
중랑구,37.61619285,127.0784395
중랑구,37.59226818,127.1020146
중랑구,37.61616775,127.0858008
중랑구,37.61630906,127.0742938
중랑구,37.61650008,127.1009249
중랑구,37.61630906,127.0742938
중랑구,37.58300781,127.078804
중랑구,37.60507699,127.0771962
중랑구,37.6167717,127.0812454
중랑구,37.6050415,127.0763016
중랑구,37.60500717,127.0754013
중랑구,37.60490799,127.0988922
중랑구,37.61659079,127.0794438
중랑구,37.61823273,127.0817871
중랑구,37.61819839,127.0806885
중랑구,37.61820984,127.0871658
중랑구,37.59069102,127.0871145
중랑구,37.60501099,127.0938644
중랑구,37.60600981,127.0770324
중랑구,37.60824966,127.0776596
중랑구,37.58083559,127.0883828
중랑구,37.60645294,127.0752106
중랑구,37.58493659,127.0856967
중랑구,37.57427979,127.0869446
중랑구,37.59545224,127.1002369
중랑구,37.60507699,127.0771962
중랑구,37.60502625,127.0966873
중랑구,37.6050415,127.0763016
중랑구,37.59727217,127.0938884
중랑구,37.60565186,127.0745468
중랑구,37.60502625,127.0966873
중랑구,37.60506439,127.0996933
중랑구,37.60656604,127.0938972
중랑구,37.61217015,127.0777045
중랑구,37.58562862,127.0890703
중랑구,37.6050415,127.0763016
중랑구,37.60419083,127.0924149
중랑구,37.60526938,127.0734721
중랑구,37.59585571,127.075264
중랑구,37.60568237,127.0819016
중랑구,37.60379223,127.0993336
중랑구,37.60506439,127.0996933
중랑구,37.59542202,127.087573
중랑구,37.57645416,127.0875473
중랑구,37.59540558,127.0733719
중랑구,37.59430895,127.0987213
중랑구,37.59363174,127.0949783
중랑구,37.5776329,127.0868607
중랑구,37.57810018,127.0835851
중랑구,37.57852173,127.0837479
중랑구,37.60542679,127.1045761
중랑구,37.58121571,127.0852804
중랑구,37.57945348,127.0919194
중랑구,37.57961273,127.0891647
중랑구,37.61459732,127.1007996
중랑구,37.61541945,127.0734078
중랑구,37.6167717,127.0812454
중랑구,37.59279672,127.0836989
중랑구,37.60875308,127.0747187
중랑구,37.59463274,127.0755182
중랑구,37.61485291,127.080864
중랑구,37.61362441,127.0980657
중랑구,37.61209926,127.0814567
중랑구,37.6144089,127.0793664
중랑구,37.61482239,127.0754929
중랑구,37.60507699,127.0771962
중랑구,37.60568237,127.0819016
중랑구,37.60551453,127.1050339
중랑구,37.60569382,127.0927429
중랑구,37.60128067,127.0977801
중랑구,37.60578287,127.0826212
중랑구,37.60579165,127.0992768
중랑구,37.60579165,127.0992768
중랑구,37.60565186,127.0745468
중랑구,37.60579165,127.0992768
중랑구,37.60310083,127.0757466
중랑구,37.59498687,127.1014168
중랑구,37.60578918,127.0777435
중랑구,37.60595882,127.0941573
중랑구,37.60578287,127.0826212
중랑구,37.60587192,127.0832542
중랑구,37.61572266,127.078949
중랑구,37.60621909,127.1057644
중랑구,37.61366922,127.0753539
중랑구,37.58939758,127.0859752
중랑구,37.61345266,127.0728426
중랑구,37.60914612,127.0804977
중랑구,37.60752869,127.0773468
중랑구,37.57930318,127.0878398
중랑구,37.59341491,127.0893053
중랑구,37.58006836,127.0908408
중랑구,37.61352921,127.0814743
중랑구,37.61345266,127.0728426
중랑구,37.61350675,127.1054068
중랑구,37.59244919,127.0982819
중랑구,37.61347961,127.0912247
중랑구,37.61329269,127.0786972
중랑구,37.61304092,127.074501
중랑구,37.61345266,127.0728426
중랑구,37.59272766,127.0991058
중랑구,37.61199511,127.0930669
중랑구,37.61352921,127.0814743
중랑구,37.59307149,127.0941966
중랑구,37.59301758,127.0849762
중랑구,37.59318193,127.1016675
중랑구,37.61329269,127.0786972
중랑구,37.5933342,127.0919189
중랑구,37.61345266,127.0728426
중랑구,37.5933609,127.0810013
중랑구,37.61294937,127.0755005
중랑구,37.59353886,127.099833
중랑구,37.59373754,127.0778885
중랑구,37.60837479,127.0787794
중랑구,37.61329269,127.0786972
중랑구,37.59379962,127.0714586
중랑구,37.61326218,127.075943
중랑구,37.61162186,127.0740814
중랑구,37.61294937,127.0755005
중랑구,37.61329269,127.0786972
중랑구,37.59355235,127.0759754
중랑구,37.59378314,127.0941158
중랑구,37.61341095,127.0795441
중랑구,37.59430895,127.0987213
중랑구,37.59444046,127.0810623
중랑구,37.59446041,127.0997036
중랑구,37.61304092,127.074501
중랑구,37.59455835,127.0867817
중랑구,37.59473057,127.0861421
중랑구,37.59466792,127.0900529
중랑구,37.61254219,127.0734341
중랑구,37.60645676,127.0798569
중랑구,37.59485825,127.102557
중랑구,37.61304092,127.074501
중랑구,37.61223422,127.0805815
중랑구,37.60621909,127.1057644
중랑구,37.59501114,127.0828974
중랑구,37.59520275,127.089267
중랑구,37.60352325,127.1033478
중랑구,37.60626728,127.0813174
중랑구,37.59469618,127.0930224
중랑구,37.59535255,127.1016029
중랑구,37.61354446,127.0737686
중랑구,37.59585673,127.0862028
중랑구,37.58098984,127.0903244
중랑구,37.59577666,127.0775109
중랑구,37.61254219,127.0734341
중랑구,37.59586716,127.0940933
중랑구,37.61289978,127.080574
중랑구,37.59598872,127.078216
중랑구,37.61214066,127.0785599
중랑구,37.60636171,127.0755002
중랑구,37.59633001,127.0709051
중랑구,37.59650421,127.0995331
중랑구,37.5965271,127.0953751
중랑구,37.59659745,127.0889763
중랑구,37.59659745,127.0889763
중랑구,37.60617065,127.0780182
중랑구,37.60640929,127.0939654
중랑구,37.59633255,127.0983734
중랑구,37.59773849,127.093952
중랑구,37.59697342,127.096283
중랑구,37.58082962,127.0949554
중랑구,37.59757233,127.0726929
중랑구,37.61347961,127.0912247
중랑구,37.59734344,127.0761108
중랑구,37.59768295,127.0728378
중랑구,37.59699631,127.0842896
중랑구,37.59781647,127.0740128
중랑구,37.5978241,127.0867615
중랑구,37.58073006,127.0890462
중랑구,37.59801826,127.1041337
중랑구,37.61256027,127.0743256
중랑구,37.59796579,127.1018387
중랑구,37.5982132,127.086174
중랑구,37.59822267,127.079949
중랑구,37.59822267,127.079949
중랑구,37.59831874,127.0790381
중랑구,37.59551935,127.0751406
중랑구,37.58073006,127.0890462
중랑구,37.61223422,127.0805815
중랑구,37.60617065,127.0780182
중랑구,37.58051073,127.0864165
중랑구,37.5985527,127.074707
중랑구,37.6000824,127.0878448
중랑구,37.59863629,127.102733
중랑구,37.59854889,127.0785904
중랑구,37.59871061,127.0984767
중랑구,37.59888838,127.0951659
중랑구,37.59891761,127.0928383
중랑구,37.60640929,127.0939654
중랑구,37.6070137,127.0913086
중랑구,37.5990984,127.0995569
중랑구,37.5990984,127.0995569
중랑구,37.58212072,127.0898822
중랑구,37.59914866,127.102665
중랑구,37.59922028,127.0862198
중랑구,37.59914866,127.102665
중랑구,37.58105851,127.0926486
중랑구,37.59958754,127.1024629
중랑구,37.59974368,127.0828722
중랑구,37.59962488,127.1061817
중랑구,37.59220294,127.0760023
중랑구,37.59963989,127.0857391
중랑구,37.59734344,127.0761108
중랑구,37.5998447,127.0828757
중랑구,37.58104945,127.0907804
중랑구,37.59991821,127.0907752
중랑구,37.59997064,127.1069956
중랑구,37.59999084,127.0871048
중랑구,37.58104945,127.0907804
중랑구,37.60019909,127.1119916
중랑구,37.58105851,127.0926486
중랑구,37.59725189,127.0786819
중랑구,37.60526938,127.0734721
중랑구,37.58126582,127.079881
중랑구,37.59991455,127.088562
중랑구,37.60645294,127.0752106
중랑구,37.6070137,127.0913086
중랑구,37.6065729,127.0919046
중랑구,37.58090094,127.0878375
중랑구,37.58165098,127.0891585
중랑구,37.581707,127.0883102
중랑구,37.6065729,127.0919046
중랑구,37.58165098,127.0891585
중랑구,37.6144089,127.0793664
중랑구,37.59324265,127.0856934
중랑구,37.58121571,127.0852804
중랑구,37.57525918,127.0880282
중랑구,37.58182081,127.0867135
중랑구,37.58180636,127.0910069
중랑구,37.58088261,127.0847719
중랑구,37.59213558,127.0876884
중랑구,37.58006142,127.0845604
중랑구,37.58180636,127.0910069
중랑구,37.58182314,127.0961941
중랑구,37.60680938,127.0782726
중랑구,37.58126582,127.079881
중랑구,37.5820694,127.0848236
중랑구,37.58200011,127.0915678
중랑구,37.60067709,127.0825481
중랑구,37.5820694,127.0848236
중랑구,37.59287227,127.0866806
중랑구,37.58200011,127.0915678
중랑구,37.5940361,127.0713806
중랑구,37.58200011,127.0915678
중랑구,37.59520275,127.089267
중랑구,37.59623869,127.103383
중랑구,37.58239365,127.0854721
중랑구,37.60694504,127.0971375
중랑구,37.58391593,127.0905189
중랑구,37.59768295,127.0728378
중랑구,37.58216476,127.0839514
중랑구,37.59850535,127.0975142
중랑구,37.58322978,127.0772398
중랑구,37.60064697,127.0989838
중랑구,37.58293213,127.0900495
중랑구,37.59958754,127.1024629
중랑구,37.59935379,127.0765076
중랑구,37.58276367,127.0867004
중랑구,37.58214951,127.090477
중랑구,37.58219879,127.0892358
중랑구,37.5914922,127.0987776
중랑구,37.58223278,127.0880349
중랑구,37.60698318,127.0804443
중랑구,37.58223278,127.0880349
중랑구,37.58231315,127.0887344
중랑구,37.60666275,127.0817947
중랑구,37.58233985,127.0862295
중랑구,37.58239365,127.0854721
중랑구,37.60202506,127.1101952
중랑구,37.58231315,127.0887344
중랑구,37.60255432,127.0958099
중랑구,37.58270367,127.0880061
중랑구,37.60456056,127.0821337
중랑구,37.60741043,127.0995865
중랑구,37.61256027,127.0743256
중랑구,37.58266915,127.0893767
중랑구,37.58246582,127.0842745
중랑구,37.6065729,127.0919046
중랑구,37.58293213,127.0900495
중랑구,37.61773956,127.0813106
중랑구,37.58299279,127.0795873
중랑구,37.58270367,127.0880061
중랑구,37.58270367,127.0880061
중랑구,37.58293213,127.0900495
중랑구,37.60742052,127.0811213
중랑구,37.58276367,127.0867004
중랑구,37.60764694,127.0736771
중랑구,37.57154846,127.0822678
중랑구,37.59332657,127.0845413
중랑구,37.58291228,127.0894084
중랑구,37.58391593,127.0905189
중랑구,37.58299279,127.0795873
중랑구,37.58291228,127.0894084
중랑구,37.60046005,127.0997772
중랑구,37.60139084,127.0996933
중랑구,37.5935936,127.0881577
중랑구,37.60058751,127.0787329
중랑구,37.5934805,127.0749782
중랑구,37.59307149,127.0941966
중랑구,37.6016655,127.1059952
중랑구,37.60046005,127.0919342
중랑구,37.60174942,127.0934067
중랑구,37.60183162,127.0861195
중랑구,37.60195923,127.1017075
중랑구,37.60700408,127.0974887
중랑구,37.60204315,127.0811462
중랑구,37.60246404,127.0805565
중랑구,37.60046109,127.0890914
중랑구,37.6073043,127.0803627
중랑구,37.60048953,127.1059314
중랑구,37.60224888,127.1110977
중랑구,37.59434201,127.0882678
중랑구,37.60046109,127.0890914
중랑구,37.60232543,127.0920675
중랑구,37.60054016,127.0985413
중랑구,37.60232543,127.0920675
중랑구,37.60257816,127.0776805
중랑구,37.60257816,127.0776805
중랑구,37.60259876,127.0973476
중랑구,37.60310083,127.0757466
중랑구,37.59434891,127.0740891
중랑구,37.60273743,127.0834885
중랑구,37.59656525,127.0727692
중랑구,37.60273743,127.0834885
중랑구,37.60048953,127.1059314
중랑구,37.59195328,127.0957565
중랑구,37.60349027,127.0939575
중랑구,37.60377889,127.1005831
중랑구,37.59106545,127.0757179
중랑구,37.60349027,127.0939575
중랑구,37.60328674,127.0932465
중랑구,37.603665,127.0954812
중랑구,37.59024794,127.0862819
중랑구,37.60094452,127.0769501
중랑구,37.58917618,127.0837021
중랑구,37.60255432,127.0958099
중랑구,37.58811569,127.0785904
중랑구,37.60429978,127.0795853
중랑구,37.58746841,127.0873037
중랑구,37.60444168,127.0747409
중랑구,37.58698509,127.0782852
중랑구,37.60949326,127.074585
중랑구,37.60488129,127.0743027
중랑구,37.60502307,127.0962065
중랑구,37.58627701,127.0855637
중랑구,37.58555093,127.0839481
중랑구,37.60055972,127.0902278
중랑구,37.60551453,127.1050339
중랑구,37.58476257,127.087471
중랑구,37.60569382,127.0927429
중랑구,37.60568237,127.0819016
중랑구,37.58426666,127.0877838
중랑구,37.58347087,127.081915
중랑구,37.60585692,127.0979303
중랑구,37.60640929,127.0939654
중랑구,37.60764694,127.0736771
중랑구,37.60055972,127.0902278
중랑구,37.61793823,127.0869655
중랑구,37.60045242,127.0845947
중랑구,37.59535356,127.0842558
중랑구,37.60054016,127.0985413
중랑구,37.60694504,127.0971375
중랑구,37.59506989,127.071022
중랑구,37.60752869,127.0773468
중랑구,37.6010926,127.0852481
중랑구,37.60065842,127.0837479
중랑구,37.6073043,127.0803627
중랑구,37.59633255,127.0983734
중랑구,37.60017971,127.0977852
중랑구,37.59361229,127.1021178
중랑구,37.60488129,127.0743027
중랑구,37.61254219,127.0734341
중랑구,37.60048953,127.1059314
중랑구,37.59565701,127.0950355
중랑구,37.59377054,127.1031019
중랑구,37.61196518,127.075882
중랑구,37.60065842,127.0837479
중랑구,37.60084152,127.0751877
중랑구,37.61162186,127.0740814
중랑구,37.58698509,127.0782852
중랑구,37.58426666,127.0877838
중랑구,37.60054016,127.0985413
중랑구,37.57085189,127.0868392
중랑구,37.59576419,127.0967267
중랑구,37.61075756,127.0775504
중랑구,37.61214066,127.0785599
중랑구,37.57171784,127.0809043
중랑구,37.60621909,127.1057644
중랑구,37.57574463,127.0870438
중랑구,37.60070664,127.0929965
중랑구,37.60046109,127.0890914
중랑구,37.61034843,127.0806564
중랑구,37.58090094,127.0878375
중랑구,37.59569229,127.0771513
중랑구,37.5934805,127.0749782
중랑구,37.60064697,127.0989838
중랑구,37.61196518,127.075882
중랑구,37.5929184,127.0782166
중랑구,37.60044479,127.0752716
중랑구,37.60065842,127.0837479
중랑구,37.59581046,127.0794291
중랑구,37.61773956,127.0813106
중랑구,37.60055972,127.0902278
중랑구,37.60070038,127.0819244
중랑구,37.60065842,127.0837479
중랑구,37.61021925,127.0794118
중랑구,37.61075756,127.0775504
중랑구,37.61199511,127.0930669
중랑구,37.61021925,127.0794118
중랑구,37.60067709,127.0825481
중랑구,37.61256027,127.0743256
중랑구,37.61057281,127.081871
중랑구,37.61028671,127.0754318
중랑구,37.60351944,127.0829697
중랑구,37.6136322,127.0795212
중랑구,37.61021925,127.0794118
중랑구,37.6098327,127.0786007
중랑구,37.60250467,127.0949572
중랑구,37.6098327,127.0786007
중랑구,37.59598049,127.094987
중랑구,37.61057281,127.081871
중랑구,37.61044312,127.095932
중랑구,37.60067709,127.0825481
중랑구,37.60070038,127.0819244
중랑구,37.61034843,127.0806564
중랑구,37.61044389,127.0810228
중랑구,37.61034843,127.0806564
중랑구,37.61044312,127.095932
중랑구,37.61122478,127.0813521
중랑구,37.61044389,127.0810228
중랑구,37.61028671,127.0754318
중랑구,37.61044312,127.095932
중랑구,37.61044389,127.0810228
중랑구,37.61063057,127.0764832
중랑구,37.61044389,127.0810228
중랑구,37.61058807,127.0728683
중랑구,37.61075756,127.0775504
중랑구,37.61063057,127.0764832
중랑구,37.61289978,127.080574
중랑구,37.59636688,127.0879822
중랑구,37.61058807,127.0728683
중랑구,37.61070609,127.0786169
중랑구,37.61059147,127.0782813
중랑구,37.61070609,127.0786169
중랑구,37.61122478,127.0813521
중랑구,37.61063057,127.0764832
중랑구,37.60982924,127.0762921
중랑구,37.61064148,127.0761642
중랑구,37.61070609,127.0786169
중랑구,37.60982924,127.0762921
중랑구,37.61075756,127.0775504
중랑구,37.61095873,127.0750611
중랑구,37.61095873,127.0750611
중랑구,37.59650421,127.0995331
중랑구,37.59332657,127.0845413
중랑구,37.61091232,127.0941467
중랑구,37.61111469,127.1061163
중랑구,37.60082932,127.0851808
중랑구,37.61106029,127.0799597
중랑구,37.61106029,127.0799597
중랑구,37.5929184,127.0782166
중랑구,37.61091232,127.0941467
중랑구,37.600793,127.0883653
중랑구,37.61106029,127.0799597
중랑구,37.61199511,127.0930669
중랑구,37.61106029,127.0799597
중랑구,37.61162186,127.0740814
중랑구,37.59674382,127.0763853
중랑구,37.61149979,127.0795898
중랑구,37.61223422,127.0805815
중랑구,37.61347961,127.0912247
중랑구,37.59592056,127.0990524
중랑구,37.60741043,127.0995865
중랑구,37.6030389,127.0819989
중랑구,37.59279672,127.0836989
중랑구,37.60316849,127.0798798
중랑구,37.60824966,127.0776596
중랑구,37.59577666,127.0775109
중랑구,37.57627487,127.0853424
중랑구,37.6097641,127.0765381
중랑구,37.60779953,127.0749207
중랑구,37.58238865,127.0910864
중랑구,37.58300781,127.078804
중랑구,37.58214951,127.090477
중랑구,37.60343375,127.0756965
중랑구,37.58196674,127.0952731
중랑구,37.60349027,127.0939575
중랑구,37.60351944,127.0829697
중랑구,37.60352325,127.1033478
중랑구,37.60346985,127.0817795
중랑구,37.60316849,127.0798798
중랑구,37.60323715,127.0986328
중랑구,37.60312653,127.10215
중랑구,37.61722767,127.1006182
중랑구,37.60311127,127.0953598
중랑구,37.60329819,127.1072464
중랑구,37.60312653,127.10215
중랑구,37.60307693,127.0808792
중랑구,37.58318329,127.0934753
중랑구,37.60295868,127.0743942
중랑구,37.6030389,127.0819989
중랑구,37.6030389,127.104684
중랑구,37.60297394,127.0841751
중랑구,37.58182081,127.0867135
중랑구,37.60307935,127.1054302
중랑구,37.59653757,127.1012529
중랑구,37.6030389,127.0819989
중랑구,37.60227648,127.0968602
중랑구,37.60297394,127.0841751
중랑구,37.60292435,127.0847015
중랑구,37.60765839,127.0729294
중랑구,37.60496805,127.100657
중랑구,37.6030389,127.0819989
중랑구,37.60310083,127.0757466
중랑구,37.60292435,127.0847015
중랑구,37.60268183,127.0872944
중랑구,37.60266462,127.1084329
중랑구,37.60266462,127.1084329
중랑구,37.59289169,127.0814972
중랑구,37.60259876,127.0973476
중랑구,37.58293213,127.0900495
중랑구,37.60261043,127.10088
중랑구,37.58291228,127.0894084
중랑구,37.58276367,127.0867004
중랑구,37.58270367,127.0880061
중랑구,37.58266971,127.0776907
중랑구,37.60266462,127.1084329
중랑구,37.58246582,127.0842745
중랑구,37.6007838,127.1020275
중랑구,37.58300781,127.078804
중랑구,37.58238865,127.0910864
중랑구,37.58231315,127.0887344
중랑구,37.58239365,127.0854721
중랑구,37.58216476,127.0839514
중랑구,37.58787,127.0961876
중랑구,37.58219879,127.0892358
중랑구,37.58097968,127.0913998
중랑구,37.58206635,127.0907062
중랑구,37.58097968,127.0913998
중랑구,37.58191259,127.096129
중랑구,37.57179006,127.0878337
중랑구,37.58196674,127.0952731
중랑구,37.58190149,127.0944005
중랑구,37.58168793,127.0904465
중랑구,37.58152573,127.094784
중랑구,37.5815988,127.0935979
중랑구,37.58125375,127.0840938
중랑구,37.58219879,127.0892358
중랑구,37.59287227,127.0866806
중랑구,37.58117171,127.0897559
중랑구,37.5914922,127.0987776
중랑구,37.58104945,127.0907804
중랑구,37.58428142,127.0775681
중랑구,37.58090094,127.0878375
중랑구,37.58060837,127.0839081
중랑구,37.58010022,127.0794737
중랑구,37.58073006,127.0890462
중랑구,37.58010022,127.0794737
중랑구,37.58051073,127.0864165
중랑구,37.58088261,127.0847719
중랑구,37.58117171,127.0897559
중랑구,37.61326218,127.075943
중랑구,37.60058751,127.0787329
중랑구,37.6007838,127.1020275
중랑구,37.60078125,127.0761662
중랑구,37.58212072,127.0898822
중랑구,37.60779953,127.0749207
중랑구,37.57984924,127.0862427
중랑구,37.60812421,127.0766178
중랑구,37.5934805,127.0749782
중랑구,37.59267497,127.0776902
중랑구,37.57761383,127.0884323
중랑구,37.59353886,127.099833
중랑구,37.59261493,127.1024951
중랑구,37.5734084,127.0863714
중랑구,37.60261043,127.10088
중랑구,37.60626728,127.0813174
중랑구,37.5925293,127.0913391
중랑구,37.59651329,127.1010286
중랑구,37.5940625,127.0772422
중랑구,37.57641501,127.0807265
중랑구,37.57470703,127.0828934
중랑구,37.61095873,127.0750611
중랑구,37.57394968,127.0829947
중랑구,37.59235382,127.1012115
중랑구,37.60824966,127.0776596
중랑구,37.57659995,127.0803679
중랑구,37.60779953,127.0749207
중랑구,37.59287227,127.0866806
중랑구,37.5928457,127.0897413
중랑구,37.58010022,127.0794737
중랑구,37.58060837,127.0839081
중랑구,37.58098984,127.0903244
중랑구,37.58117171,127.0897559
중랑구,37.58105851,127.0926486
중랑구,37.60872679,127.1126586
중랑구,37.60310083,127.0757466
중랑구,37.58276367,127.0867004
중랑구,37.60905608,127.0791565
중랑구,37.60411991,127.0989182
중랑구,37.58125375,127.0840938
중랑구,37.581707,127.0883102
중랑구,37.59065601,127.0973022
중랑구,37.61862002,127.0841332
중랑구,37.5755003,127.0814319
중랑구,37.58216476,127.0839514
중랑구,37.60258678,127.0783315
중랑구,37.58196674,127.0952731
중랑구,37.58121571,127.0852804
중랑구,37.59261493,127.1024951
중랑구,37.5925293,127.0913391
중랑구,37.59269675,127.092849
중랑구,37.59243461,127.0881651
중랑구,37.59246063,127.0959549
중랑구,37.60266179,127.0865344
중랑구,37.60259876,127.0973476
중랑구,37.59243461,127.0881651
중랑구,37.60257816,127.0776805
중랑구,37.60208061,127.1083644
중랑구,37.60257198,127.0855754
중랑구,37.60257198,127.0855754
중랑구,37.60258678,127.0783315
중랑구,37.61712636,127.0812423
중랑구,37.60202459,127.1011156
중랑구,37.60256195,127.1025391
중랑구,37.61214066,127.0785599
중랑구,37.61717606,127.1099319
중랑구,37.60311127,127.0953598
중랑구,37.60837555,127.0731888
중랑구,37.60982924,127.0762921
중랑구,37.60982924,127.0762921
중랑구,37.60229991,127.0819568
중랑구,37.60457993,127.0900345
중랑구,37.6098327,127.0786007
중랑구,37.60232543,127.0920675
중랑구,37.61862002,127.0841332
중랑구,37.60290527,127.0957642
중랑구,37.60266179,127.0865344
중랑구,37.60228729,127.0783844
중랑구,37.60242844,127.0995789
중랑구,37.60219574,127.0927429
중랑구,37.60224888,127.1110977
중랑구,37.60213766,127.0905346
중랑구,37.61095873,127.0750611
중랑구,37.61357117,127.074379
중랑구,37.60213766,127.0905346
중랑구,37.60214267,127.0989208
중랑구,37.60227648,127.0968602
중랑구,37.60216522,127.103302
중랑구,37.60212224,127.1081813
중랑구,37.60216522,127.103302
중랑구,37.60213766,127.0905346
중랑구,37.60207748,127.0875549
중랑구,37.60219574,127.0927429
중랑구,37.60212224,127.1081813
중랑구,37.60212224,127.1081813
중랑구,37.60198975,127.0890198
중랑구,37.60202459,127.1011156
중랑구,37.60202459,127.1011156
중랑구,37.60198975,127.0890198
중랑구,37.60187426,127.0914743
중랑구,37.60198975,127.0890198
중랑구,37.60202506,127.1101952
중랑구,37.60198975,127.0890198
중랑구,37.60187426,127.0914743
중랑구,37.60187426,127.0914743
중랑구,37.6018871,127.1087112
중랑구,37.60187426,127.0914743
중랑구,37.61975205,127.0844697
중랑구,37.60274506,127.1075211
중랑구,37.60202026,127.105957
중랑구,37.60204315,127.0811462
중랑구,37.60166931,127.0884094
중랑구,37.60204315,127.0811462
중랑구,37.6019516,127.0851135
중랑구,37.60166931,127.0884094
중랑구,37.60164642,127.1010971
중랑구,37.60168457,127.0994492
중랑구,37.6016655,127.1059952
중랑구,37.6016655,127.1059952
중랑구,37.60121865,127.1133841
중랑구,37.60164642,127.1033401
중랑구,37.60170364,127.0986557
중랑구,37.61850739,127.0862885
중랑구,37.60164177,127.0922416
중랑구,37.60779953,127.0749207
중랑구,37.60246404,127.0805565
중랑구,37.60100937,127.0789642
중랑구,37.60812421,127.0766178
중랑구,37.5831545,127.0837968
중랑구,37.60137859,127.0833063
중랑구,37.60153961,127.0893936
중랑구,37.60170364,127.0986557
중랑구,37.60741043,127.0995865
중랑구,37.60153961,127.0893936
중랑구,37.58181038,127.0935748
중랑구,37.60569382,127.0927429
중랑구,37.60153961,127.0893936
중랑구,37.61597443,127.0837784
중랑구,37.59657186,127.0746319
중랑구,37.60147547,127.1063913
중랑구,37.58219879,127.0892358
중랑구,37.60151758,127.0792524
중랑구,37.6014678,127.11458
중랑구,37.60144591,127.1075981
중랑구,37.57952499,127.0951004
중랑구,37.58893238,127.078213
중랑구,37.57868195,127.0863342
중랑구,37.58190149,127.0944005
중랑구,37.5775121,127.0811765
중랑구,37.57605362,127.0826492
중랑구,37.57572283,127.0833332
중랑구,37.59579838,127.0708616
중랑구,37.57730497,127.0898067
중랑구,37.6014678,127.11458
중랑구,37.6014678,127.11458
중랑구,37.60139084,127.0996933
중랑구,37.58767432,127.0839771
중랑구,37.60153961,127.0893936
중랑구,37.58372902,127.079254
중랑구,37.61807795,127.1109551
중랑구,37.60812421,127.0766178
중랑구,37.60121865,127.1133841
중랑구,37.61647251,127.0824736
중랑구,37.61710468,127.1088974
중랑구,37.60157526,127.1012507
중랑구,37.59307149,127.0941966
중랑구,37.60501099,127.0938644
중랑구,37.60552597,127.0794525
중랑구,37.59659745,127.0889763
중랑구,37.58238865,127.0910864
중랑구,37.60585859,127.1062151
중랑구,37.58231315,127.0887344
중랑구,37.57533638,127.0884181
중랑구,37.58266971,127.0776907
중랑구,37.58245998,127.089354
중랑구,37.5852623,127.0938187
중랑구,37.61832503,127.0859977
중랑구,37.61850739,127.0862885
중랑구,37.61819839,127.0806885
중랑구,37.5847435,127.0883408
중랑구,37.61763382,127.0804367
중랑구,37.6174469,127.0782547
중랑구,37.61580276,127.0816345
중랑구,37.61659079,127.0794438
중랑구,37.61770248,127.102478
중랑구,37.58239365,127.0854721
중랑구,37.6144089,127.0793664
중랑구,37.57840869,127.0915746
중랑구,37.58001626,127.092133
중랑구,37.5800067,127.0887392
중랑구,37.5793072,127.0895914
중랑구,37.57872391,127.0902786
중랑구,37.57892227,127.0904541
중랑구,37.57868195,127.0863342
중랑구,37.58291228,127.0894084
중랑구,37.57382584,127.0869904
중랑구,37.57085189,127.0868392
중랑구,37.57810438,127.0858177
중랑구,37.57782443,127.0824077
중랑구,37.59358215,127.100647
중랑구,37.59353886,127.099833
중랑구,37.59358215,127.100647
중랑구,37.60875308,127.0747187
중랑구,37.57725634,127.0838801
중랑구,37.59415158,127.0894051
중랑구,37.59505463,127.0880356
중랑구,37.59501114,127.0828974
중랑구,37.59576419,127.0967267
중랑구,37.59545224,127.1002369
중랑구,37.60126495,127.0974808
중랑구,37.60137558,127.111496
중랑구,37.57678604,127.0852051
중랑구,37.61789854,127.093208
중랑구,37.59187771,127.0865588
중랑구,37.60645294,127.0752106
중랑구,37.60312653,127.10215
중랑구,37.59650421,127.0995331
중랑구,37.60349027,127.0939575
중랑구,37.60355759,127.0947418
중랑구,37.60377889,127.1005831
중랑구,37.60323715,127.0986328
중랑구,37.60812421,127.0766178
중랑구,37.61360061,127.0912993
중랑구,37.6042816,127.0802474
중랑구,37.59198709,127.0932698
중랑구,37.57603936,127.0799951
중랑구,37.60179599,127.0836466
중랑구,37.60796319,127.0756635
중랑구,37.60459137,127.1035385
중랑구,37.609507,127.0736484
중랑구,37.60490799,127.0988922
중랑구,37.5971978,127.0854636
중랑구,37.60171127,127.0870819
중랑구,37.60747632,127.0968807
중랑구,37.60439346,127.1059924
중랑구,37.60501099,127.0938644
중랑구,37.59874895,127.0826786
중랑구,37.58328247,127.0869064
중랑구,37.60579731,127.1007153
중랑구,37.60578918,127.0777435
중랑구,37.60128067,127.0977801
중랑구,37.60137859,127.0833063
중랑구,37.59727217,127.0938884
중랑구,37.59279672,127.0836989
중랑구,37.60595882,127.0941573
중랑구,37.57925479,127.0840738
중랑구,37.59473057,127.0861421
중랑구,37.57679184,127.086513
중랑구,37.60621909,127.1057644
중랑구,37.578228,127.0818634
중랑구,37.60645676,127.0798569
중랑구,37.58543015,127.0790405
중랑구,37.59643046,127.0928594
중랑구,37.60666275,127.0817947
중랑구,37.60126437,127.1065348
중랑구,37.60662727,127.0766907
중랑구,37.60742052,127.0811213
중랑구,37.59421724,127.0930051
중랑구,37.57821715,127.0907049
중랑구,37.57468384,127.0852289
중랑구,37.60877965,127.0808826
중랑구,37.59817051,127.0952777
중랑구,37.62044144,127.1062469
중랑구,37.60723877,127.0742188
중랑구,37.57810438,127.0858177
중랑구,37.61832503,127.0859977
중랑구,37.61830139,127.0833359
중랑구,37.59479586,127.074493
중랑구,37.59451895,127.1018718
중랑구,37.60123428,127.1047282
중랑구,37.59554921,127.0779691
중랑구,37.59289169,127.0814972
중랑구,37.6174469,127.0782547
중랑구,37.58336416,127.0906304
중랑구,37.60123428,127.1047282
중랑구,37.61782455,127.1011887
중랑구,37.59381126,127.0927863
중랑구,37.61862002,127.0841332
중랑구,37.61762162,127.0781483
중랑구,37.6174469,127.0782547
중랑구,37.60121055,127.1066125
중랑구,37.61724763,127.1089852
중랑구,37.6174202,127.0819702
중랑구,37.61711378,127.1015406
중랑구,37.61763382,127.0804367
중랑구,37.61724763,127.1089852
중랑구,37.61438553,127.0806258
중랑구,37.61724763,127.1089852
중랑구,37.61650008,127.1009249
중랑구,37.61635114,127.0755307
중랑구,37.61650008,127.1009249
중랑구,37.61622341,127.0799093
중랑구,37.61622341,127.0799093
중랑구,37.61616775,127.0858008
중랑구,37.61705017,127.08004
중랑구,37.61659079,127.0794438
중랑구,37.61571441,127.0770428
중랑구,37.61558342,127.0872631
중랑구,37.61571441,127.0770428
중랑구,37.61541945,127.0734078
중랑구,37.61553888,127.0977834
중랑구,37.61524088,127.0795164
중랑구,37.57892227,127.0904541
중랑구,37.58104945,127.0907804
중랑구,37.61423367,127.075444
중랑구,37.61485291,127.080864
중랑구,37.61504364,127.0745239
중랑구,37.6144089,127.0793664
중랑구,37.58001626,127.092133
중랑구,37.57984924,127.0862427
중랑구,37.6147995,127.0729828
중랑구,37.58051073,127.0864165
중랑구,37.5796198,127.0899003
중랑구,37.57952499,127.0951004
중랑구,37.57952499,127.0951004
중랑구,37.5796198,127.0899003
중랑구,37.5793072,127.0895914
중랑구,37.57961273,127.0891647
중랑구,37.57925479,127.0840738
중랑구,37.5796198,127.0899003
중랑구,37.57921168,127.0854043
중랑구,37.57923435,127.0832424
중랑구,37.57919107,127.0906856
중랑구,37.57909012,127.087883
중랑구,37.57907617,127.0836042
중랑구,37.5788269,127.0882187
중랑구,37.5793664,127.0837758
중랑구,37.57967758,127.0869141
중랑구,37.578641,127.0870971
중랑구,37.57868195,127.0863342
중랑구,37.57857513,127.0942383
중랑구,37.57852173,127.0837479
중랑구,37.57842522,127.0867187
중랑구,37.578228,127.0818634
중랑구,37.61518891,127.0754871
중랑구,37.57817682,127.0920146
중랑구,37.57659531,127.0838776
중랑구,37.578125,127.0842819
중랑구,37.57837912,127.0849606
중랑구,37.57779312,127.0877075
중랑구,37.57605362,127.0826492
중랑구,37.57779312,127.0877075
중랑구,37.578125,127.0842819
중랑구,37.58212072,127.0898822
중랑구,37.5772004,127.0806113
중랑구,37.57769012,127.0863953
중랑구,37.5775528,127.0803604
중랑구,37.5775121,127.0811765
중랑구,37.5755003,127.0814319
중랑구,37.57694798,127.0876529
중랑구,37.57837912,127.0849606
중랑구,37.57694798,127.0876529
중랑구,37.57691574,127.0812912
중랑구,37.57679184,127.086513
중랑구,37.5772004,127.0806113
중랑구,37.57641501,127.0807265
중랑구,37.57679184,127.086513
중랑구,37.57641602,127.0812607
중랑구,37.57680212,127.0856891
중랑구,37.57659531,127.0838776
중랑구,37.57661057,127.0878296
중랑구,37.57614168,127.0836449
중랑구,37.57659531,127.0838776
중랑구,37.57572283,127.0833332
중랑구,37.57584766,127.0853015
중랑구,37.61524088,127.0795164
중랑구,37.57582474,127.0861664
중랑구,37.60121865,127.1133841
중랑구,37.58004478,127.0836163
중랑구,37.6086235,127.0874557
중랑구,37.57533638,127.0884181
중랑구,37.57519401,127.0823473
중랑구,37.57517046,127.0846351
중랑구,37.57472307,127.0858298
중랑구,37.60123428,127.1047282
중랑구,37.57460391,127.0824781
중랑구,37.57427979,127.0869446
중랑구,37.57394968,127.0829947
중랑구,37.57382584,127.0869904
중랑구,37.57342911,127.0830917
중랑구,37.57294817,127.0826759
중랑구,37.57470703,127.0828934
중랑구,37.57204722,127.0815917
중랑구,37.5734084,127.0863714
중랑구,37.57329941,127.0816727
중랑구,37.5730629,127.0841827
중랑구,37.59175486,127.0979269
중랑구,37.578228,127.0818634
중랑구,37.59673002,127.0833104
중랑구,37.60587192,127.0832542
중랑구,37.57284399,127.0847776
중랑구,37.57261098,127.0815775
중랑구,37.57284399,127.0847776
중랑구,37.57261098,127.0815775
중랑구,37.57342911,127.0830917
중랑구,37.57329941,127.0816727
중랑구,37.57261098,127.0815775
중랑구,37.57179006,127.0878337
중랑구,37.57261098,127.0815775
중랑구,37.57177475,127.0847702
중랑구,37.57176476,127.0871824
중랑구,37.57171784,127.0809043
중랑구,37.57572283,127.0833332
중랑구,37.57172504,127.0862751
중랑구,37.57151298,127.0827117
중랑구,37.57840869,127.0915746
중랑구,37.57171784,127.0809043
중랑구,37.61926342,127.1108557
중랑구,37.61799158,127.0833534
중랑구,37.61730194,127.1112061
중랑구,37.57815205,127.0891996
중랑구,37.61730194,127.1112061
중랑구,37.57329941,127.0816727
중랑구,37.57253669,127.0832462
중랑구,37.57204722,127.0815917
중랑구,37.58787,127.0961876
중랑구,37.61668777,127.0848541
중랑구,37.61730194,127.1112061
중랑구,37.57193268,127.0829358
중랑구,37.57801056,127.0922012
중랑구,37.57450094,127.0876029
중랑구,37.57817682,127.0920146
중랑구,37.61655807,127.109024
중랑구,37.58097968,127.0913998
중랑구,37.61907959,127.1115646
중랑구,37.61423492,127.08918
중랑구,37.58152573,127.094784
중랑구,37.58543015,127.0954971
중랑구,37.61668777,127.0848541
중랑구,37.60439957,127.0748926
중랑구,37.61382294,127.0886002
중랑구,37.58214951,127.090477
중랑구,37.61703873,127.0881424
중랑구,37.61668777,127.0848541
중랑구,37.61338806,127.0942078
중랑구,37.61263845,127.0887777
중랑구,37.61572715,127.0913353
중랑구,37.58223278,127.0880349
중랑구,37.61392995,127.0983043
중랑구,37.61353683,127.11129
중랑구,37.61224033,127.0971116
중랑구,37.60866928,127.0872498
중랑구,37.61423492,127.08918
중랑구,37.58097968,127.0913998
중랑구,37.60914612,127.0804977
중랑구,37.60949326,127.074585
중랑구,37.60914612,127.0804977
중랑구,37.60949326,127.074585
중랑구,37.60897065,127.0762122
중랑구,37.60893716,127.095775
중랑구,37.60904694,127.0796127
중랑구,37.60877965,127.0808826
중랑구,37.60877965,127.0808826
중랑구,37.59287227,127.0866806
중랑구,37.60872679,127.1126586
중랑구,37.60843996,127.0971965
중랑구,37.58419037,127.081337
중랑구,37.60666275,127.0817947
중랑구,37.57286703,127.0857223
중랑구,37.5725563,127.0810648
중랑구,37.59653757,127.1012529
중랑구,37.58416886,127.0826985
중랑구,37.59329526,127.082433
중랑구,37.59367193,127.0952022
중랑구,37.58813609,127.095522
중랑구,37.59014893,127.0721283
중랑구,37.59261271,127.0994099
중랑구,37.59183076,127.0739006
중랑구,37.60496805,127.100657
중랑구,37.60227648,127.0968602
중랑구,37.60032654,127.0872269
중랑구,37.5985527,127.074707
중랑구,37.59569701,127.0780767
중랑구,37.5940361,127.0713806
중랑구,37.57286703,127.0857223
중랑구,37.58328247,127.0869064
중랑구,37.58382386,127.0783195
중랑구,37.58419037,127.081337
중랑구,37.58480156,127.0789245
중랑구,37.58548766,127.0845481
중랑구,37.58552556,127.096624
중랑구,37.57561053,127.0878463
중랑구,37.58627701,127.0855637
중랑구,37.58657837,127.0825272
중랑구,37.58685303,127.0802307
중랑구,37.58716362,127.1016635
중랑구,37.61423492,127.08918
중랑구,37.60383606,127.0849228
중랑구,37.60460254,127.0978188
중랑구,37.60925674,127.0815582
중랑구,37.60233307,127.1036301
중랑구,37.60343182,127.0898614
중랑구,37.61457062,127.1122131
중랑구,37.61302986,127.0887959
중랑구,37.60460254,127.0978188
중랑구,37.59904099,127.1033249
중랑구,37.59571075,127.0731735
중랑구,37.59367193,127.0952022
중랑구,37.59345169,127.1009159
중랑구,37.58748149,127.0736711
중랑구,37.59213558,127.0876884
중랑구,37.59571075,127.0731735
중랑구,37.58923508,127.0955448
중랑구,37.58796692,127.0769119
중랑구,37.59218597,127.095108
중랑구,37.59501681,127.0848338
중랑구,37.61224033,127.0971116
중랑구,37.59004974,127.0833588
중랑구,37.58941436,127.1025137
중랑구,37.5914922,127.0987776
중랑구,37.58939758,127.0859752
중랑구,37.58939758,127.0859752
중랑구,37.58923508,127.0955448
중랑구,37.60925674,127.0815582
중랑구,37.58328145,127.0906232
중랑구,37.58098984,127.0903244
중랑구,37.58813477,127.0783463
중랑구,37.58893238,127.078213
중랑구,37.58964539,127.0881958
중랑구,37.59022734,127.1004945
중랑구,37.59066001,127.0778024
중랑구,37.591334,127.0832424
중랑구,37.591465,127.0891418
중랑구,37.59103132,127.0962767
중랑구,37.59203339,127.0857239
중랑구,37.6136322,127.0795212
중랑구,37.60905608,127.0791565
중랑구,37.57725634,127.0838801
중랑구,37.60765839,127.0729294
중랑구,37.60585692,127.0979303
중랑구,37.60595882,127.0941573
중랑구,37.60459137,127.1035385
중랑구,37.60287094,127.0810547
중랑구,37.60157526,127.1012507
중랑구,37.59093497,127.1039787
중랑구,37.60031891,127.086586
중랑구,37.59984929,127.0996133
중랑구,37.59947491,127.0747299
중랑구,37.59902573,127.0837021
중랑구,37.59851074,127.101059
중랑구,37.59801826,127.1041337
중랑구,37.59770203,127.0747986
중랑구,37.59682064,127.075582
중랑구,37.59712042,127.1030482
중랑구,37.59569229,127.0771513
중랑구,37.59269675,127.092849
중랑구,37.59500466,127.0753182
중랑구,37.59457017,127.0921061
중랑구,37.59381126,127.0927863
중랑구,37.59444046,127.0810623
중랑구,37.59307982,127.0824238
중랑구,37.59243461,127.0881651
중랑구,37.60250467,127.0949572
중랑구,37.60352325,127.1033478
중랑구,37.58372902,127.079254
중랑구,37.58336657,127.0912427
중랑구,37.58343124,127.0900879
중랑구,37.58359528,127.0952072
중랑구,37.58369064,127.093544
중랑구,37.58396149,127.0900574
중랑구,37.5839119,127.0850525
중랑구,37.5841217,127.0788956
중랑구,37.59235382,127.1012115
중랑구,37.5839119,127.0850525
중랑구,37.58417815,127.0931081
중랑구,37.58904367,127.1024835
중랑구,37.58788045,127.0986776
중랑구,37.58796692,127.0769119
중랑구,37.57937211,127.0970471
중랑구,37.58426666,127.0877838
중랑구,37.58756806,127.0989214
중랑구,37.61224033,127.0971116
중랑구,37.58663452,127.1011374
중랑구,37.5858078,127.0914493
중랑구,37.58788045,127.0986776
중랑구,37.58359528,127.0873108
중랑구,37.58433533,127.0912323
중랑구,37.58433533,127.0912323
중랑구,37.5858078,127.0914493
중랑구,37.59501681,127.0848338
중랑구,37.58454251,127.0760875
중랑구,37.58175307,127.0833953
중랑구,37.5852623,127.0938187
중랑구,37.60904694,127.0796127
중랑구,37.5843544,127.0869293
중랑구,37.58037674,127.093241
중랑구,37.58008042,127.095897
중랑구,37.58782245,127.0773035
중랑구,37.58530888,127.0930856
중랑구,37.58543396,127.0813904
중랑구,37.58543777,127.0765839
중랑구,37.58548766,127.0845481
중랑구,37.58553759,127.0901234
중랑구,37.58586206,127.0816007
중랑구,37.58653259,127.0901947
중랑구,37.58607864,127.0839157
중랑구,37.5862236,127.0797348
중랑구,37.58612823,127.0939713
중랑구,37.58623886,127.0812759
중랑구,37.5863509,127.091625
중랑구,37.57928959,127.0973795
중랑구,37.57937211,127.0970471
중랑구,37.58312429,127.0835406
중랑구,37.60877965,127.0808826
중랑구,37.58008042,127.095897
중랑구,37.60407257,127.0824585
중랑구,37.58639866,127.0791339
중랑구,37.57397023,127.0893741
중랑구,37.60892105,127.0815659
중랑구,37.57327328,127.0889262
중랑구,37.57304374,127.0831953
중랑구,37.58639866,127.0791339
중랑구,37.57299805,127.0915451
중랑구,37.61267341,127.0886586
중랑구,37.57574463,127.0870438
중랑구,37.58724594,127.0765076
중랑구,37.60892105,127.0815659
중랑구,37.57299805,127.0915451
중랑구,37.5865447,127.0764731
중랑구,37.58698567,127.0740944
중랑구,37.58684805,127.0882506
중랑구,37.58685238,127.0835049
중랑구,37.58694084,127.0916091
중랑구,37.6086235,127.0874557
중랑구,37.59213558,127.0876884
중랑구,37.59183076,127.0739006
중랑구,37.58770752,127.0887375
중랑구,37.60791865,127.0923038
중랑구,37.58716362,127.1016635
중랑구,37.58734131,127.0921478
중랑구,37.58727264,127.0845642
중랑구,37.58734131,127.0921478
중랑구,37.58796692,127.0769119
중랑구,37.58748149,127.0736711
중랑구,37.59926605,127.0737381
중랑구,37.58769396,127.1010282
중랑구,37.58704885,127.089434
중랑구,37.59225863,127.1004539
중랑구,37.60403604,127.0805286
중랑구,37.59904099,127.1033249
중랑구,37.58773041,127.0974197
중랑구,37.59183076,127.0739006
중랑구,37.59242918,127.1018171
중랑구,37.58794785,127.0812454
중랑구,37.59111805,127.1041393
중랑구,37.58941436,127.1025137
중랑구,37.58800888,127.0829315
중랑구,37.58358002,127.0889053
중랑구,37.57930318,127.0878398
중랑구,37.58813477,127.0783463
중랑구,37.59345169,127.1009159
중랑구,37.58823929,127.0808216
중랑구,37.59218597,127.095108
중랑구,37.59367193,127.0952022
중랑구,37.58838493,127.087981
중랑구,37.61703873,127.0881424
중랑구,37.58843994,127.0765533
중랑구,37.61712636,127.0812423
중랑구,37.60845817,127.0941408
중랑구,37.58852223,127.0840455
중랑구,37.59025955,127.0819931
중랑구,37.58900042,127.1021018
중랑구,37.58937836,127.0915985
중랑구,37.58917618,127.0837021
중랑구,37.58877232,127.0868043
중랑구,37.58965683,127.0871353
중랑구,37.58953094,127.0831299
중랑구,37.60824966,127.0926056
중랑구,37.58932257,127.0945565
중랑구,37.58979416,127.0934296
중랑구,37.58498484,127.0844649
중랑구,37.59571075,127.0731735
중랑구,37.59025955,127.0819931
중랑구,37.59048298,127.0777836
중랑구,37.61057281,127.081871
중랑구,37.60346985,127.0817795
중랑구,37.61341095,127.0795441
중랑구,37.58877232,127.0868043
중랑구,37.58862686,127.0872269
중랑구,37.59064484,127.0948334
중랑구,37.61416572,127.0754631
중랑구,37.58923508,127.0955448
중랑구,37.61366922,127.0753539
중랑구,37.61436459,127.0817458
중랑구,37.58564097,127.0819588
중랑구,37.58797955,127.093396
중랑구,37.58475736,127.0782255
중랑구,37.61422124,127.0737088
중랑구,37.61438553,127.0806258
중랑구,37.61366922,127.0753539
중랑구,37.58359528,127.0873108
중랑구,37.59081672,127.0852892
중랑구,37.59101868,127.091095
중랑구,37.59102249,127.0898132
중랑구,37.58564097,127.0819588
중랑구,37.6007838,127.1020275
중랑구,37.60081336,127.0936933
중랑구,37.600793,127.0883653
중랑구,37.58037674,127.093241
중랑구,37.60111198,127.0952957
중랑구,37.60070664,127.0929965
중랑구,37.61352921,127.0814743
중랑구,37.60080488,127.1059869
중랑구,37.61109821,127.075023
중랑구,37.60404587,127.0764771
중랑구,37.59700775,127.0740051
중랑구,37.61336899,127.0794525
중랑구,37.58372902,127.079254
중랑구,37.60080488,127.1059869
중랑구,37.59659397,127.0916694
중랑구,37.61196518,127.075882
중랑구,37.60081336,127.0936933
중랑구,37.61214066,127.0785599
중랑구,37.61188294,127.076653
중랑구,37.61188294,127.076653
중랑구,37.61162186,127.0740814
중랑구,37.61137414,127.079288
중랑구,37.61256027,127.0743256
중랑구,37.59119007,127.0761657